Doc_name,Page_num,Paragraph_num,Paragraph_content,Paragraph_length,SA_label,17 SDG Alignment,GRI Topic Alignment,Informative & Non-Informative/Vague Sustainability Text Identification,Qualitative & Quantitative Sustainability Text Identification,High Potential Greenwashing Detection,Climate Alignment,GRI Climate Alignment,GRI Climate Action (SDG13) Alignment,Climate Action (SDG13) Alignment
Iron2023.pdf,2,1,"This report represents our commitment to enhancing stakeholder awareness of our sustainability priorities and describes how our performance is contributing to long- term value creation and a sustainable, responsible, and customer-centric business model.",28,Relevant,SDG_8: Economic Growth,General,Non-informative/Vague,Qualitative,High Potential Greenwashing,Non-Climate,GRI 2,General Aspect (GRI 2),Non-Climate Action
Iron2023.pdf,3,1,"Looking back over the last 12 months, the importance of safeguarding each other and the planet we share remains one of our highest priorities and responsibilities.",23,Relevant,SDG_8: Economic Growth,General,Non-informative/Vague,Qualitative,High Potential Greenwashing,Non-Climate,GRI 101,General Aspect (GRI 2),Non-Climate Action
Iron2023.pdf,3,2,"The ongoing war in Ukraine has been compounded by the conflict in the Middle East, causing even more devastation to already fragile communities.",21,Irrelevant,N/A,N/A,N/A,N/A,N/A,N/A,N/A,N/A,N/A
Iron2023.pdf,3,3,"We also saw several acute weather events in markets where Iron Mountain operates. These include Typhoon Doksuri in the Philippines, Hurricane Otis in Mexico, extreme heat in the U.S., Canada, Latin America, Europe and China, and floods in Mexico, Hong Kong, and Western Europe.",34,Irrelevant,N/A,N/A,N/A,N/A,N/A,N/A,N/A,N/A,N/A
Iron2023.pdf,3,4,"With this volatility and uncertainty, business must act and operate responsibly, and with resilience and agility, to provide support to our people and communities in the near term, whilst remaining focused on our longer-term commitments. These include achieving net zero greenhouse gas emissions, building a diverse, equitable and inclusive workforce globally, and acting with integrity in everything we do.",49,Relevant,SDG_8: Economic Growth,Environmental,Informative,Qualitative,High Potential Greenwashing,Non-Climate,GRI 2,General Aspect (GRI 2),Non-Climate Action
Iron2023.pdf,3,5,Our purpose—to “protect and elevate the power of our customers’ work”—guides every step of our efforts to develop solutions and services that help our customers not only to achieve the needs of their business but to deliver our products and services in a way that is sustainable and supports our communities. I’m proud of the meaningful progress we continue to make which is thanks to our dedicated Mountaineers around the globe.,64,Relevant,SDG_8: Economic Growth,Social,Informative,Qualitative,High Potential Greenwashing,Non-Climate,GRI 2,General Aspect (GRI 2),Non-Climate Action
Iron2023.pdf,3,6,"Scaling our solutions and capabilities In 2023, we took further significant steps to grow our Asset Lifecycle Management (ALM) business and solutions by announcing our acquisition of Regency Technologies, which closed in early January 2024. This transaction enables us to redefine excellence in IT asset lifecycle management and disposition, offering our customers enhanced environmental sustainability and increased value recovery at the end of the IT asset lifecycle, whilst ensuring data privacy and protection.",66,Relevant,SDG_9: Industry & Innovation,Environmental,Informative,Qualitative,High Potential Greenwashing,Climate,GRI 306,General Aspect (GRI 2),Climate Action (SDG13)
Iron2023.pdf,3,7,"Securing a sustainable future In 2023, we procured 1,194,957 MWh of renewable electricity, an increase of more than 19% from the previous year. Our fleet electrification program expanded into 12 new countries, and our energy efficiency projects delivered both cost savings and emissions reductions. We also covered 87% of our global electricity use with renewable energy.",46,Relevant,SDG_7: Affordable Energy,Environmental,Informative,Quantitative,Low Potential Greenwashing,Climate,GRI 302,Environmental Aspect (GRI 305),Climate Action (SDG13)
Iron2023.pdf,3,8,"Delivering on our commitments We remain committed to minimizing our GHG emissions across our entire value chain. In 2023, we were able to achieve a 16% reduction in Scope 1 and 2 emissions year-over-year. We are finalizing the work necessary to submit an updated goal to the Science-Based Targets initiative, and look forward to having an approved goal before the end of 2024.",54,Relevant,SDG_13: Climate Action,Environmental,Informative,Quantitative,Low Potential Greenwashing,Climate,GRI 302,Environmental Aspect (GRI 305),Climate Action (SDG13)
Iron2023.pdf,3,9,"I take pride in our progress and accomplishments, whilst remaining determined to do more to advance and accelerate our work. I invite you to learn more about our efforts in this report, knowing we will make transparent updates on our progress and be guided by our core values in everything we do.",48,Relevant,SDG_8: Economic Growth,General,Non-informative/Vague,Qualitative,High Potential Greenwashing,Non-Climate,GRI 2,General Aspect (GRI 2),Non-Climate Action
Iron2023.pdf,5,1,"Iron Mountain is a global leader in information management, innovative storage, data center infrastructure, and asset lifecycle management. Founded in 1951 and trusted by more than 225,000 customers worldwide, Iron Mountain serves to protect and elevate the power of our customers’ work. Through a range of offerings including digital transformation, data centers, secure records storage, information management, asset lifecycle management, secure destruction, and art storage and logistics, Iron Mountain helps businesses bring light to their dark data. These offerings enable customers to unlock value and intelligence from their stored digital and physical assets at speed and with security, while helping them meet their environmental goals.",86,Irrelevant,N/A,N/A,N/A,N/A,N/A,N/A,N/A,N/A,N/A
Iron2023.pdf,5,2,"60 countries 1,400 facilities 27,000 employees 70+ years of proven experience 98M sq. ft. of real estate 225,000 customers $5.5B U.S. fiscal 2023 revenue 861 MW of data center capacity under our control ~ 98% customer retention rate in our Records Management business. ",28,Relevant,SDG_7: Affordable Energy,Social,Informative,Quantitative,Low Potential Greenwashing,Climate,GRI 2,Economical Aspect (GRI 201),Climate Action (SDG13)
Iron2023.pdf,6,1,"We believe a sustainable future is only possible through collaboration. When we make commitments together—with our customers, suppliers, and partners, and in the communities where we operate—we not only multiply our efforts, but we also make sustainable behaviors more accessible and achievable.",34,Relevant,SDG_12: Responsible Consumption,Environmental,Informative,Qualitative,High Potential Greenwashing,Non-Climate,GRI 2,General Aspect (GRI 2),Non-Climate Action
Iron2023.pdf,6,2,"We’re securing a sustainable future by partnering with our customers, enabling them to make better decisions about how they manage their most valuable information and assets. We’re supporting our employees with a culture of diversity and inclusion, and it is through their efforts that we deliver on our promises to our customers, our partners, and our communities.",49,Relevant,SDG_8: Economic Growth,Social,Informative,Qualitative,High Potential Greenwashing,Non-Climate,GRI 2,General Aspect (GRI 2),Non-Climate Action
Iron2023.pdf,6,3,"Our Senior Director of Sustainability, Jen Grimaudo, had the opportunity to speak with Flexe, one of our warehousing and logistics partners, to discuss sustainability and the supply chain. Flexe’s leadership logistics podcast dives into warehouse and transportation issues, as well as the latest industry insights.",37,Relevant,SDG_8: Economic Growth,General,Informative,Qualitative,High Potential Greenwashing,Climate,GRI 306,General Aspect (GRI 2),Non-Climate Action
Iron2023.pdf,6,4,During the podcast Jen talked about how Iron Mountain began its sustainability journey and how collaboration has played a key part in our success to date. She also discussed the importance of data-driven insights in prioritizing actions.,34,Relevant,SDG_12: Responsible Consumption,General,Informative,Qualitative,High Potential Greenwashing,Non-Climate,GRI 2,General Aspect (GRI 2),Non-Climate Action
Iron2023.pdf,7,1,We believe that executive oversight and leadership are essential to delivering on our sustainability commitments and promoting trust in what we say and do.,23,Relevant,SDG_8: Economic Growth,General,Non-informative/Vague,Qualitative,High Potential Greenwashing,Non-Climate,GRI 2,General Aspect (GRI 2),Non-Climate Action
Iron2023.pdf,7,2,"Our governance framework is designed to provide oversight of our: • Progress against our global sustainability strategy and goals with a view of our programs and processes to meet those targets • Business unit planning to help support the attainment of the enterprise sustainability goals • Processes to measure and report on progress in alignment with regulatory requirements and voluntary reporting frameworks • Identify, assess, and manage climate-related risks. ",60,Relevant,SDG_8: Economic Growth,Economic,Informative,Qualitative,High Potential Greenwashing,Climate,GRI 201,Economical Aspect (GRI 201),Climate Action (SDG13)
Iron2023.pdf,7,3,"These objectives are achieved through a multi-layered leadership model focused on the management and oversight of key sustainability issues. Our Sustainability team and Sustainability Executive Steering Committee (SESC) work together to review and approve our global sustainability strategy, goals, reporting, and risks. The SESC includes all business and functional leaders who report directly to the CEO and is responsible for reporting to the board of directors on the sustainability program and our progress.",65,Relevant,SDG_8: Economic Growth,General,Informative,Qualitative,High Potential Greenwashing,Non-Climate,GRI 2,General Aspect (GRI 2),Non-Climate Action
Iron2023.pdf,7,4,"The Sustainability team at Iron Mountain is a center of excellence that liaises across the organization to provide guidance, leadership, and reporting related to sustainability.",22,Relevant,SDG_12: Responsible Consumption,General,Non-informative/Vague,Qualitative,High Potential Greenwashing,Non-Climate,GRI 2,General Aspect (GRI 2),Non-Climate Action
Iron2023.pdf,8,1,"We embrace our responsibility to contribute to a net-zero emissions future for the planet. We seek opportunities to improve environmental performance within our operations. We enable our customers to manage information while meeting their environmental goals. And we partner with our suppliers to unlock opportunities to protect our planet, together.",44,Relevant,SDG_12: Responsible Consumption,Environmental,Informative,Qualitative,High Potential Greenwashing,Climate,GRI 306,Economical Aspect (GRI 201),Climate Action (SDG13)
Iron2023.pdf,8,2,"How will we measure progress: • Submission of a science-based target in 2024 under SBT’s Business Ambition for 1.5°C campaign and net zero by 2040 • By 2025: achieving 90% renewable electricity coverage globally (maintain 100% coverage in data centers) • By 2030: as part of our EV100 commitment, converting 100% of company cars and 50% of company vans to electric with an interim goal of 10% of our global fleet of cars and vans by 2025. ",56,Relevant,SDG_7: Affordable Energy,Environmental,Informative,Quantitative,Low Potential Greenwashing,Climate,GRI 302,Environmental Aspect (GRI 305),Climate Action (SDG13)
Iron2023.pdf,8,3,"Iron Mountain data centers, specific goals: • By 2025, all new construction of multitenant data center facilities will be certified to BREEAM Green Building Standard • By 2030, all Iron Mountain data centers worldwide will be climate neutral as part of the EU Climate Neutral Data Centre Pact • By 2040, we will use the Google methodology for matching site-by-site electricity with local clean power generation every hour of every day to achieve 24/7 clean power in our data centers. ",69,Relevant,SDG_7: Affordable Energy,Environmental,Informative,Quantitative,Low Potential Greenwashing,Climate,GRI 302,Environmental Aspect (GRI 305),Climate Action (SDG13)
Iron2023.pdf,8,4,We set ambitious public goals and are transparent in our reporting to hold ourselves accountable for the impact of our operations. We focus on creating positive change in the communities where we do business. Our goals encourage us to collaborate across disciplines to innovate and sustainably grow our business. We focus on what is most material and most impactful. We create our goals thoughtfully and in alignment with our strategic sustainability objectives and governance processes.,70,Relevant,SDG_8: Economic Growth,General,Informative,Qualitative,High Potential Greenwashing,Non-Climate,GRI 2,General Aspect (GRI 2),Non-Climate Action
Iron2023.pdf,8,5,"Our Sustainability Executive Steering Committee monitors our progress towards our goals and periodically reviews our commitments to ensure that they are measurable, ambitious, aligned with our business objectives, include both short- and long-term objectives, and encourage continuous improvement.",31,Relevant,SDG_8: Economic Growth,General,Non-informative/Vague,Qualitative,High Potential Greenwashing,Non-Climate,GRI 2,General Aspect (GRI 2),Non-Climate Action
Iron2023.pdf,8,6,"These goals demonstrate our ongoing dedication to embedding sustainability throughout our organizational processes. We aim to empower a diverse workforce, strengthen our communities, and address our environmental impacts, including achieving net-zero greenhouse gas emissions.",28,Relevant,SDG_8: Economic Growth,Environmental,Non-informative/Vague,Qualitative,High Potential Greenwashing,Climate,GRI 306,General Aspect (GRI 2),Non-Climate Action
Iron2023.pdf,9,1,"We work together to create a workplace where employees’ authentic selves are welcomed, accepted, and included. When we fuel innovation through diverse ideas, backgrounds, and perspectives, our people thrive, our customers benefit, and our business succeeds.",26,Relevant,SDG_8: Economic Growth,Social,Non-informative/Vague,Qualitative,High Potential Greenwashing,Non-Climate,GRI 2,General Aspect (GRI 2),Non-Climate Action
Iron2023.pdf,9,2,Our annual IM Listening global employee survey provides valuable feedback regarding our company culture and helps our leaders understand how we can best support our Mountaineers’ collective well-being and success. Using that survey is a measurement tool we aim to: • Achieve and maintain a global employee engagement score of 70% or higher • Achieve and maintain a global employee belonging score of 70% or higher. ,57,Relevant,SDG_8: Economic Growth,Social,Informative,Qualitative,High Potential Greenwashing,Non-Climate,GRI 2,General Aspect (GRI 2),Non-Climate Action
Iron2023.pdf,9,3,Our impact extends beyond the walls of our facilities. We contribute positively to the communities in which we operate by leveraging the unique capabilities of our business. We go beyond philanthropy to conduct business in a way that leads to a prosperous future for communities.,42,Relevant,SDG_8: Economic Growth,Social,Non-informative/Vague,Qualitative,High Potential Greenwashing,Non-Climate,GRI 2,General Aspect (GRI 2),Non-Climate Action
Iron2023.pdf,9,4,"How we will measure progress: • By 2025, collectively volunteer 100,000 hours in our communities • By 2027, work with charitable partners to create a collection of 15 projects that tell the story of how cultural heritage is being impacted by climate change",36,Relevant,SDG_13: Climate Action,Environmental,Informative,Quantitative,High Potential Greenwashing,Climate,GRI 101,Economical Aspect (GRI 201),Non-Climate Action
Iron2023.pdf,11,1,"Iron Mountain provides customers with innovative solutions to bring them closer to both achieving their purpose and to attaining their environmental, social, and corporate governance aspirations.",23,Relevant,SDG_8: Economic Growth,General,Non-informative/Vague,Qualitative,High Potential Greenwashing,Climate,GRI 306,General Aspect (GRI 2),Non-Climate Action
Iron2023.pdf,11,2,"We believe that innovation and integrity pave the path to long-term sustainable success. We build trusted relationships with stakeholders based on this philosophy, and our approach is underpinned by the conviction that ethics and good governance matter to our future success.",37,Relevant,SDG_16: Peace,General,Non-informative/Vague,Qualitative,High Potential Greenwashing,Non-Climate,GRI 2,General Aspect (GRI 2),Non-Climate Action
Iron2023.pdf,11,3,"Securing the trust of our customers is critical to our business, and our privacy and data protection practices are essential to maintaining that trust. We remain committed to ensuring that our customer data is safe and secure in line with relevant regulations and best practices.",42,Relevant,SDG_16: Peace,Social,Informative,Qualitative,High Potential Greenwashing,Non-Climate,GRI 2,General Aspect (GRI 2),Non-Climate Action
Iron2023.pdf,11,4,"The exponential growth of digital data and rapid development of AI technology create new challenges and opportunities for us and our customers. We closely monitor these developments and respond by enhancing our privacy compliance, embedding privacy and security controls in our services, and enabling our customers to manage physical and digital data as they advance their sustainability objectives.",54,Relevant,SDG_9: Industry & Innovation,Economic,Informative,Qualitative,High Potential Greenwashing,Non-Climate,GRI 2,General Aspect (GRI 2),Non-Climate Action
Iron2023.pdf,11,5,"In 2023, we continued our commitment to privacy compliance by enhancing our global privacy program and reinforcing a culture of data privacy among our workforce. In addition, we applied for the EU Binding Corporate Rules (BCR), which is considered a gold standard for international data transfers and demonstrates that Iron Mountain adheres to the highest privacy standards set by the European Union General Data Protection Regulation (GDPR). We expect that the competent supervisory authority will approve our BCR in 2024.",74,Relevant,SDG_8: Economic Growth,Social,Informative,Qualitative,High Potential Greenwashing,Non-Climate,GRI 2,General Aspect (GRI 2),Non-Climate Action
Iron2023.pdf,11,6,"Finally, we continued leveraging knowledge about data residency requirements that apply to some of our regulated customers as we enhance the scalability and security of our IT infrastructure to support the expansion of our digital services offerings.",35,Relevant,SDG_9: Industry & Innovation,Social,Informative,Qualitative,High Potential Greenwashing,Climate,GRI 2,General Aspect (GRI 2),Non-Climate Action
Iron2023.pdf,11,7,Each year Iron Mountain hosts an education series where thought leaders shed light on solutions to challenges that our customers might face.,21,Irrelevant,N/A,N/A,N/A,N/A,N/A,N/A,N/A,N/A,N/A
Iron2023.pdf,11,8,"We continued our education program in 2023 with a series that explored emerging trends with potential impact on information and data governance professionals. Topics included an impending recession, privacy policies, managing risk, and more.",28,Relevant,SDG_9: Industry & Innovation,Economic,Informative,Qualitative,High Potential Greenwashing,Non-Climate,GRI 2,General Aspect (GRI 2),Non-Climate Action
Iron2023.pdf,12,1,"We take our purpose to “protect and elevate the power of our customers’ work” to heart, and we seek to do all we can to embed this in the way we create sustainable solutions and services for our customers. Iron Mountain Sustainable Solutions enable our customers to not only protect and elevate the power of their work, but also to make a lasting, positive impact on people, our planet, and performance.",61,Relevant,SDG_12: Responsible Consumption,Environmental,Informative,Qualitative,High Potential Greenwashing,Climate,GRI 306,General Aspect (GRI 2),Non-Climate Action
Iron2023.pdf,12,2,"We believe we have an opportunity to leverage our sustainable business practices to add value to our product offerings. We partnered with MIT’s Sustainability Lab and external business leaders and subject matter experts to develop a methodology to determine if a product or service has the attributes necessary to be considered a sustainable solution. Over the last two years we have methodically evaluated our products and services to identify those that meet our criteria. In early 2024, we launched a new section of our website dedicated to helping our customers understand how Iron Mountain can help them achieve their sustainability goals through Iron Mountain Sustainable Solutions.",100,Relevant,SDG_8: Economic Growth,Environmental,Informative,Qualitative,High Potential Greenwashing,Climate,GRI 306,General Aspect (GRI 2),Non-Climate Action
Iron2023.pdf,12,3,Iron Mountain’s Sustainable Solutions core criteria: • Addresses a significant and clearly defined sustainability challenge • A comprehensive product lifecycle review of benefits and limitations resulting in a net positive impact rating • Sustainability claims are clear and based on a third-party endorsement • Transparency provided on business processes and any calculated sustainability metrics. ,46,Relevant,SDG_12: Responsible Consumption,General,Informative,Qualitative,High Potential Greenwashing,Climate,GRI 306,General Aspect (GRI 2),Non-Climate Action
Iron2023.pdf,12,4,"What if you could > Enhance your information destruction program, knowing exactly which documents need to be destroyed and remain in compliance with pertinent regulations > Support the circular economy by recycling paper products without compromising any data > Elevate your reputation as a sustainable organization by reporting on waste to landfill diversion and achieving your sustainability goals. ",53,Relevant,SDG_12: Responsible Consumption,Environmental,Informative,Qualitative,High Potential Greenwashing,Climate,GRI 306,General Aspect (GRI 2),Non-Climate Action
Iron2023.pdf,12,5,"With Iron Mountain Secure Paper Shredding, you get the resources and proven expertise you’ll need to create, implement and monitor a comprehensive information destruction program that is convenient, compliant, cost-effective and sustainable. By leveraging our destruction best practices, you’ll be able to: > Ensure your data is secure with disposal processes certified by the National Association for Information Destruction (NAID) > Leverage Iron Mountain’s network of paper brokers and mills that recycle more than 450,000 tons of paper annually on behalf of our customers > Access account-specific data on your organization’s shredding activity that is auditable with a Green Report that includes information on waste diverted from landfill and the associated water, energy, and emissions savings. ",95,Relevant,SDG_12: Responsible Consumption,Environmental,Informative,Qualitative,High Potential Greenwashing,Climate,GRI 306,General Aspect (GRI 2),Non-Climate Action
Iron2023.pdf,12,6,"Organizations understand the impact of sustainability and many have adopted initiatives supporting circular economy such as zero-waste or landfill diversion goals. However, they are often challenged with disposing or recycling materials which include enterprise, proprietary, or customer data.",32,Relevant,SDG_12: Responsible Consumption,Environmental,Informative,Qualitative,High Potential Greenwashing,Climate,GRI 306,Environmental Aspect (GRI 305),Climate Action (SDG13)
Iron2023.pdf,12,7,Organizations need a solution that allows them to dispose of paper documents to achieve sustainability targets without compromising on data security and increased costs.,23,Relevant,SDG_12: Responsible Consumption,Environmental,Informative,Qualitative,High Potential Greenwashing,Climate,GRI 2,General Aspect (GRI 2),Climate Action (SDG13)
Iron2023.pdf,12,8,“Organizations need a solution that allows them to dispose of paper documents to achieve sustainability targets without compromising on data security and increased costs.”,22,Relevant,SDG_12: Responsible Consumption,Environmental,Informative,Qualitative,High Potential Greenwashing,Climate,GRI 2,General Aspect (GRI 2),Non-Climate Action
Iron2023.pdf,14,1,"We have set ambitious goals and have made commitments to reduce our greenhouse gas emissions. Our first Science Based Target (SBT) covering all scopes of emissions was approved by the Science Based Targets Initiative (SBTi) in 2019 and was aligned with a 2°C pathway. In 2022, we submitted our letter of commitment to the SBTi Business Ambition for the 1.5°C campaign. As part of this process, we intend to update our short-term SBT to align with 1.5°C climate science and submit a net-zero target for SBTi validation in 2024.",75,Relevant,SDG_13: Climate Action,Environmental,Informative,Quantitative,Low Potential Greenwashing,Climate,GRI 302,Environmental Aspect (GRI 305),Climate Action (SDG13)
Iron2023.pdf,14,2,"We are using a measured approach to expand the reach of our emissions reduction initiatives and identify opportunities to decarbonize our operations. Our path to net zero focuses on reducing energy use, electrifying our systems and vehicles, installing renewable energy systems, and procuring green power. Our approach has delivered meaningful reductions to our emissions. We reduced corporate Scope 1 and 2 emissions by 10% from 2022 to 2023.",57,Relevant,SDG_12: Responsible Consumption,Environmental,Informative,Qualitative,High Potential Greenwashing,Climate,GRI 302,Environmental Aspect (GRI 305),Climate Action (SDG13)
Iron2023.pdf,14,3,"We embrace our responsibility to contribute to the fight for a net-zero future for our planet. We seek opportunities to improve environmental performance within our operations. We enable our customers to manage information while meeting their environmental goals. And we partner with our suppliers to unlock opportunities to protect our planet, together.",46,Relevant,SDG_12: Responsible Consumption,Environmental,Informative,Qualitative,High Potential Greenwashing,Climate,GRI 306,Economical Aspect (GRI 201),Climate Action (SDG13)
Iron2023.pdf,15,1,"Vehicles are an essential part of providing services to our customers. In 2023, vehicle emissions represented 35% of our Scope 1 greenhouse gas emissions. Fleet electrification is a key component of our emissions reduction strategy and allows us to reduce exposure to fossil fuel prices and local emissions regulations.",43,Relevant,SDG_7: Affordable Energy,Environmental,Informative,Qualitative,Low Potential Greenwashing,Climate,GRI 302,Environmental Aspect (GRI 305),Climate Action (SDG13)
Iron2023.pdf,15,2,"In 2021, Iron Mountain joined EV100, committing to converting 100% of company cars and 50% of company vans to electric by 2030. We also set an interim target of 10% conversion by 2025. In EV100’s 2023 Annual Report, Iron Mountain was recognized as the most internationally committed fleet.",37,Irrelevant,N/A,N/A,N/A,N/A,N/A,N/A,N/A,N/A,N/A
Iron2023.pdf,15,3,"We are continuing to build on our success. Iron Mountain’s first electric vehicle launch since joining EV100 was in the UK. Since that time, we have converted vehicles in more than 20 countries. Twelve new countries were added to our fleet electrification program in 2023, including Chile, China, Colombia, France, Germany, Hong Kong, India, Mexico, Peru, Poland, Singapore, and the United States. We currently have 140 electric vehicles in service or on order. In addition to electrifying our vehicles, we strive to pair charging stations with onsite solar to reduce any increases in the consumption of non- renewable electricity.",74,Irrelevant,N/A,N/A,N/A,N/A,N/A,N/A,N/A,N/A,N/A
Iron2023.pdf,15,4,"We continue to take time to celebrate our achievements with our teams and customers across the globe. In 2023, we hosted events across Latin America and Asia, where customers had the chance to learn about our journey to net zero and explore our new electric vehicles.",42,Irrelevant,N/A,N/A,N/A,N/A,N/A,N/A,N/A,N/A,N/A
Iron2023.pdf,16,1,"Iron Mountain has built strong renewable energy capabilities, as evidenced by our continued designation as a top 30 purchaser of green power in the U.S. and listing on the EPA National Top 100 Partners list. We continue to make progress toward our goal of 100% powered by renewable electricity by 2040 as part of our RE100 commitment, the global initiative for businesses to commit to 100% renewable electricity. In 2023, our global operations were 87% powered by renewable energy, and we covered 100% of the electricity used in our data centers with renewable electricity. Our portfolio of renewable energy solutions includes onsite generation, direct-to-supplier energy contracting, and virtual power purchase agreements for wind, solar, and hydropower. We work closely with our utility data aggregation and advisory services partner to evaluate the utility-level green power landscape, including green tariffs and other utility-specific programs. We also seek to expand onsite solar and are currently investigating additional opportunities in our Asia-Pacific, European, and Latin American operations. As of 2023, there were 52 facilities with onsite solar arrays in our global real estate portfolio, representing a cumulative system size of more than 21.3 megawatts.",156,Relevant,SDG_7: Affordable Energy,Environmental,Informative,Quantitative,High Potential Greenwashing,Climate,GRI 302,Environmental Aspect (GRI 305),Climate Action (SDG13)
Iron2023.pdf,16,2,"In 2023, we continued the execution of our renewable energy strategy. We installed the third-largest solar power system in our portfolio at our Rosendale, NY, facility. The 96,000-square-foot facility is completely underground which provides an opportunity to install a solar farm on the land above ground. The project can produce enough power to provide almost 80% of the power consumption at the facility.",53,Irrelevant,N/A,N/A,N/A,N/A,N/A,N/A,N/A,N/A,N/A
Iron2023.pdf,16,3,"Iron Mountain’s global solar footprint is over 21.3 megawatts, with the Rosendale project at 1.6 megawatts. We’re in a unique position to benefit from onsite solar, and even a relatively small rooftop solar system can often produce as much energy as the site consumes. This project is also pollinator-friendly solar, meaning we grow pollinator- friendly plants underneath the solar panels to provide a habitat and food for birds, bees, butterflies, and other insects.",58,Irrelevant,N/A,N/A,N/A,N/A,N/A,N/A,N/A,N/A,N/A
Iron2023.pdf,16,4,"“This particular solar array is unique for us,” said Dan Anninos, Vice President, Global Facilities Management, Sustainability and Project Delivery. “The array is installed above one of Iron Mountain’s very first storage facilities, our underground limestone mine space located in upstate New York. We took advantage of our above-ground space and put the land to good use, supplying our local electricity grid with renewable power for decades to come.”",56,Irrelevant,N/A,N/A,N/A,N/A,N/A,N/A,N/A,N/A,N/A
Iron2023.pdf,17,1,"An American technology company with over 100,000 employees worldwide moved to a work-from-home model supplying IT equipment and office furniture to each employee. With a staff turnover of ~6,000 employees each month, the company found it difficult to keep track of its equipment and to ensure a globally consistent employee experience. This resulted in inefficient use of the equipment, as well as creating waste, which negatively impacted the company’s progress toward their environmental commitments and circular economy values.",68,Irrelevant,N/A,N/A,N/A,N/A,N/A,N/A,N/A,N/A,N/A
Iron2023.pdf,17,2,"Following a successful pilot program with the company in the UK, Iron Mountain signed a long-term contract to manage the storage, transportation, and logistics of office equipment and IT assets. This new solution combines our unique records management and asset lifecycle management market expertise and offers asset inventory management capability through our new Warehouse and Logistics platform. With this innovative collaboration, Iron Mountain and the company created a closed-loop system to maximize the use of the company’s assets and reduce or eliminate waste.",73,Irrelevant,N/A,N/A,N/A,N/A,N/A,N/A,N/A,N/A,N/A
Iron2023.pdf,17,3,"Iron Mountain’s scope and global scale enable secure management of office equipment (furniture and IT), including collecting it from employees who are leaving the company, cleaning and repurposing the equipment, and, finally, delivering it to new employees. The. ",29,Irrelevant,N/A,N/A,N/A,N/A,N/A,N/A,N/A,N/A,N/A
Iron2023.pdf,17,4,Asset Lifecycle Management (ALM) team erases all data from laptops and refreshes the equipment to ensure it is in like-new condition. Current plans for expansion of the program include six other European countries.,29,Irrelevant,N/A,N/A,N/A,N/A,N/A,N/A,N/A,N/A,N/A
Iron2023.pdf,17,5,"As part of Iron Mountain’s journey to 24/7 Carbon-Free Energy procurement, we now have over 130 locations across the United States and over 50 in the UK with the ability to track and match renewable energy usage on an hourly basis.",34,Relevant,SDG_7: Affordable Energy,Environmental,Informative,Quantitative,High Potential Greenwashing,Climate,GRI 302,Environmental Aspect (GRI 305),Climate Action (SDG13)
Iron2023.pdf,17,6,"24/7 Carbon-Free Energy means renewable energy can supply the hourly forecasted electricity needs for a variety of Iron Mountain facilities, from data center facilities to records and data management sites to Crozier climate-controlled fine art storage facilities.",32,Irrelevant,N/A,N/A,N/A,N/A,N/A,N/A,N/A,N/A,N/A
Iron2023.pdf,17,7,Conventional renewable power solutions are designed to match a buyer’s load annually without ensuring that renewable power is available when clients are using electricity. Tracking hourly usage from the generator and comparing it to Iron Mountain’s hourly usage demonstrates a future view of how firms can transition to an improved carbon-free energy supply.,48,Relevant,SDG_7: Affordable Energy,Environmental,Informative,Qualitative,High Potential Greenwashing,Climate,GRI 302,Environmental Aspect (GRI 305),Climate Action (SDG13)
Iron2023.pdf,17,8,"Watch to see how Iron Mountain data centers are working to achieve 24/7 Carbon-Free Energy. Two of our long-standing partners, RPD Energy and ClearTrace, both elaborate on how they are helping to achieve our goals of making our data center portfolio 24/7 carbon free in the years to come.",41,Relevant,SDG_7: Affordable Energy,Environmental,Informative,Qualitative,High Potential Greenwashing,Climate,GRI 302,Environmental Aspect (GRI 305),Climate Action (SDG13)
Iron2023.pdf,18,1,"Water efficiency projects Remote monitoring of our irrigation systems allows us to customize irrigation schedules, taking into account weather, climate, soil, and plant types to fit each site’s needs.",22,Relevant,SDG_6: Clean Water & Sanitation,Environmental,Informative,Qualitative,High Potential Greenwashing,Climate,GRI 303,Economical Aspect (GRI 201),Climate Action (SDG13)
Iron2023.pdf,18,2,"• We have installed smart irrigation controls at 25 sites in North America. These prevent over watering, provide utility savings, and identify leaks and other potential issues early, minimizing impact.",23,Relevant,SDG_6: Clean Water & Sanitation,Environmental,Informative,Qualitative,High Potential Greenwashing,Climate,GRI 303,Economical Aspect (GRI 201),Climate Action (SDG13)
Iron2023.pdf,18,3,"Renewable energy procurement As our business continues to grow, so too does our consumption of electricity, making clean energy procurement an important part of our emissions reduction strategy.",24,Relevant,SDG_7: Affordable Energy,Environmental,Informative,Qualitative,High Potential Greenwashing,Climate,GRI 302,Environmental Aspect (GRI 305),Climate Action (SDG13)
Iron2023.pdf,18,4,"In 2022, Iron Mountain was able to increase the coverage of our waste data to 100% of our global operations. That data now serves as the foundation for our ongoing waste reduction efforts.",29,Relevant,SDG_12: Responsible Consumption,Environmental,Informative,Quantitative,Low Potential Greenwashing,Climate,GRI 306,Environmental Aspect (GRI 305),Climate Action (SDG13)
Iron2023.pdf,18,5,"• In 2023, we implemented a zero-waste pilot program at 15 sites to add recycling streams and educate employees on proper waste diversion. In 2024, the program was expanded and now includes 28 sites.",26,Relevant,SDG_12: Responsible Consumption,Environmental,Informative,Quantitative,Low Potential Greenwashing,Climate,GRI 306,Environmental Aspect (GRI 305),Climate Action (SDG13)
Iron2023.pdf,20,1,"Along with our company values, Iron Mountain strives to be a culture of voice and belonging, where every employee experiences the safety, confidence, and trust they need to contribute to their fullest potential, including giving and receiving feedback fairly and frequently. In our culture, diverse ideas, backgrounds, and perspectives are welcomed, fueling innovation that elevates the power of our customers’—and each other’s—work.",50,Relevant,SDG_8: Economic Growth,Social,Informative,Qualitative,High Potential Greenwashing,Non-Climate,GRI 2,General Aspect (GRI 2),Non-Climate Action
Iron2023.pdf,20,2,"The Iron Mountain Culture and Engagement team (C&E) builds partnerships with each of our businesses and functions across the enterprise to discover opportunities to enrich our culture and showcase how employees are living our values every day. Our values are Act with Integrity, Own Safety and Security, Build Customer Value, Take Ownership, and Promote Inclusion and Teamwork. C&E and the Diversity, Equity, and Inclusion team (DEI) partner to embed our ethos into the moments that matter and in key processes across the employee experience.",72,Relevant,SDG_8: Economic Growth,Social,Informative,Qualitative,High Potential Greenwashing,Non-Climate,GRI 2,General Aspect (GRI 2),Non-Climate Action
Iron2023.pdf,20,3,"In 2023, C&E put together a cross-functional team to deliver IM Listening, our annual global employee engagement survey. They enhanced the design and methodology based on learnings from the previous year. With a 73% Engagement Index score and an 86% overall participation rate, IM Listening: • Provides valuable and connected feedback to people managers, specific accountabilities for sustainable change, and deeper insights for understanding and promoting drivers of engagement and retention • Strengthens Iron Mountain imperatives in focusing on our future vision, communicating the rationale for change, and supporting Mountaineers’ collective well-being, collaboration, and success • Is an essential source for leaders to reference and connect to survey results when planning, deciding, announcing, and launching initiatives • Is a success measure for our enterprise priorities. ",100,Relevant,SDG_8: Economic Growth,Social,Informative,Qualitative,High Potential Greenwashing,Non-Climate,GRI 2,General Aspect (GRI 2),Non-Climate Action
Iron2023.pdf,20,4,"The Global Culture Network has grown to more than 2,000 Mountaineers to date. Members of the Culture Network are crucial collaborators who provide diverse insight and perspective to culture and employee engagement while sharing information with and inspiring fellow Mountaineers. These collective efforts aim to build and sustain a culture of recognition, continuous learning, well-being, innovation, diversity, equity, inclusion, and belonging.",50,Relevant,SDG_8: Economic Growth,Social,Informative,Qualitative,High Potential Greenwashing,Non-Climate,GRI 2,General Aspect (GRI 2),Non-Climate Action
Iron2023.pdf,20,5,"The Culture and Engagement team continues to collaborate with human resources teams to build and sustain a high-performing culture, strengthen engagement and belonging, and increase Iron Mountain’s value and visibility internally and in the global marketplace.",31,Relevant,SDG_8: Economic Growth,General,Non-informative/Vague,Qualitative,High Potential Greenwashing,Non-Climate,GRI 2,General Aspect (GRI 2),Non-Climate Action
Iron2023.pdf,21,1,"In 2023, our Global Innovation and Product and Technology teams hosted their first-ever Iron Mountain Hackathon. This was a two-day virtual event that engaged employees from around the world to collaborate and have fun while showcasing their innovative ideas using their design, programming, and presentation skills.",39,Irrelevant,N/A,N/A,N/A,N/A,N/A,N/A,N/A,N/A,N/A
Iron2023.pdf,21,2,"Of those 17 submissions, three ideas received special awards and are being evaluated for patent protection. Other team awards included the President’s Award, Crowd Favorite, Best Engineering, and Best Pitch.",22,Irrelevant,N/A,N/A,N/A,N/A,N/A,N/A,N/A,N/A,N/A
Iron2023.pdf,21,3,"Artificial intelligence was a component of several solutions, from monitoring customer feedback to enabling a better customer experience. Other proposed innovations would personalize the onboarding experience for new employees and offer new ways to more efficiently search for information and documents.",38,Irrelevant,N/A,N/A,N/A,N/A,N/A,N/A,N/A,N/A,N/A
Iron2023.pdf,21,4,"A U.S. pharmacy retailer wanted to reduce waste to the landfill and address security risks associated with protected health information (PHI) on pill bottles. Already a customer, the retailer and Iron Mountain worked together to identify secure plastics disposition solutions for the PHI-containing pill bottles and pharmaceutical stock bottles.",43,Irrelevant,N/A,N/A,N/A,N/A,N/A,N/A,N/A,N/A,N/A
Iron2023.pdf,21,5,"In line with the retailer’s circular economy goals, the preference was to utilize molecular recycling, where possible. Due to the limited availability of recycling options in the U.S.,",23,Irrelevant,N/A,N/A,N/A,N/A,N/A,N/A,N/A,N/A,N/A
Iron2023.pdf,21,6,"Iron Mountain adopted a hybrid approach to recycling the material based on the retailer’s preference and geographic availability. The solution involves Iron Mountain collecting the bottles from secure bins at over 3,000 U.S. locations, shredding the plastic, and sending it to recyclers with a verifiable chain of custody. The recyclers then convert the shredded plastic into feedstocks, which may be used to create new plastic products.",57,Irrelevant,N/A,N/A,N/A,N/A,N/A,N/A,N/A,N/A,N/A
Iron2023.pdf,21,7,Both molecular and mechanical recycling of single-use plastics are circular approaches that reduce environmental impacts by keeping the plastic at its highest value and helping to displace virgin petrochemicals.,27,Irrelevant,N/A,N/A,N/A,N/A,N/A,N/A,N/A,N/A,N/A
Iron2023.pdf,22,1,"As demonstrated by our 2023 Hackathon, we believe that a focus on continuous learning, coupled with the curiosity displayed by individuals and teams, supports innovative thinking and allows us to provide better solutions for our customers, while helping our employees achieve their career ambitions and reach their potential.",42,Relevant,SDG_4: Quality Education,Social,Informative,Qualitative,High Potential Greenwashing,Non-Climate,GRI 2,General Aspect (GRI 2),Non-Climate Action
Iron2023.pdf,22,2,"We offer a variety of training and development opportunities to our employees that augment and support our robust on-the-job skills-based training programs. Some of these programs are highlighted below. Each of these programs is focused on collaborative learning and spans a wide range of topics from leadership to effective communication, sustainability, and more.",46,Relevant,SDG_4: Quality Education,Social,Informative,Qualitative,High Potential Greenwashing,Non-Climate,GRI 2,General Aspect (GRI 2),Non-Climate Action
Iron2023.pdf,22,3,"In September 2023, we migrated sales team training and development resources to our Iron Mountain Sales University powered by Mindtickle, an online learning platform for all commercial team members. The tool is designed to provide microlearning opportunities for sellers to upskill in the moment about our products and sales methodologies.",46,Irrelevant,N/A,N/A,N/A,N/A,N/A,N/A,N/A,N/A,N/A
Iron2023.pdf,22,4,"As part of that migration, we also created a Sales Leader University program which provides sales leaders with the processes, tools, and skills necessary to develop and manage successful sales teams and includes in-person and virtual workshops, coaching sessions, e-learning, podcasts, and more.",34,Irrelevant,N/A,N/A,N/A,N/A,N/A,N/A,N/A,N/A,N/A
Iron2023.pdf,23,1,"Iron Mountain is committed to creating a culture where the words we say are matched by a universal sense of belonging—where all employees feel that their contributions are valued, their voices are heard, and they have the opportunity to achieve their goals and meet the needs of our customers. We recognize that a culture of belonging is critical for an organization to thrive and that a workforce comprising a wide range of perspectives and experiences helps us to excel. And so, while driving toward an inclusive working environment, we also strive to attract, develop, retain, and empower high-quality individuals from a wide range of talent pools. We believe this approach is not only the right thing to do, but that it also leads to better business decisions and is a catalyst for innovation and growth.",121,Relevant,SDG_8: Economic Growth,Social,Informative,Qualitative,High Potential Greenwashing,Non-Climate,GRI 2,General Aspect (GRI 2),Non-Climate Action
Iron2023.pdf,23,2,"To enable this cultural transformation, we have employed a framework that is focused on aligning our global DEI strategy with our business priorities: measuring and tracking our progress; auditing our systems, policies, and processes to ensure our structures facilitate inclusiveness; retaining our most valued assets—our employees; and ensuring accountability at all levels.",43,Relevant,SDG_8: Economic Growth,General,Informative,Qualitative,High Potential Greenwashing,Non-Climate,GRI 2,General Aspect (GRI 2),Non-Climate Action
Iron2023.pdf,23,3,"Iron Mountain’s Global Chief Human Resources Officer (CHRO) leads our DEI strategy and initiatives and works closely with our executive team, Human Resources, Sustainability, DEI Council, and our Employee Resource Groups (ERGs), all of whom support the strategy in a variety of capacities. The Global DEI Council is made up of the executive team and supports the DEI strategy and initiatives, monitors the progress of DEI initiatives and enterprise goals, ensures accountability based on identified measures and goals, and communicates DEI progress to stakeholders.",72,Relevant,SDG_8: Economic Growth,General,Informative,Qualitative,High Potential Greenwashing,Non-Climate,GRI 2,General Aspect (GRI 2),Non-Climate Action
Iron2023.pdf,24,1,"Our volunteer-based Employee Resource Groups represent cultural or marginalized groups and provide an opportunity for members and their allies to create a safe, inclusive environment. Mountaineers from around the globe participate in our ERGs, working together to offer educational content and other programming to all employees. Selected highlights from our ERGs in 2023 include: • The Black Colleagues ERG created a group mentorship series called Elevate, which was focused on fostering mentorship, professional development, and career paths by leveraging the power of shared experiences and representation.",74,Relevant,SDG_8: Economic Growth,Social,Informative,Qualitative,High Potential Greenwashing,Non-Climate,GRI 2,General Aspect (GRI 2),Non-Climate Action
Iron2023.pdf,24,2,"• The LGBTQIA+ and Ally@IM ERG hosted several events during June Pride Month: The Importance of Allyship featuring Irene Brank, storyteller, consultant, and advocate for the transgender community; a Pride Yoga Class; a Safe Space workshop with guest speaker, Dr. Douglas Koch, President of NEDLA (Northeast Digital Learning Association); and a Virtual Pride Celebration to close out Pride Month.",44,Irrelevant,N/A,N/A,N/A,N/A,N/A,N/A,N/A,N/A,N/A
Iron2023.pdf,24,3,"• The U.S. Capable ERG presented several sessions to spotlight National Disability Employment and Awareness Month (NDEAM). This year’s theme was Advancing Access & Equity. In Latin America, the Capable group worked together to raise funds for the Teletón Foundation, which is focused on improving the quality of life for young people with motor disabilities to enable social inclusion.",50,Relevant,SDG_1: No Poverty,Social,Informative,Qualitative,High Potential Greenwashing,Non-Climate,GRI 2,General Aspect (GRI 2),Non-Climate Action
Iron2023.pdf,24,4,"• The Women@IM ERG created more than 60 pieces of content, including live events, vlogs, blogs, and newsletters, to support their membership during 2023. They hosted a five-part mental health series in collaboration with four other ERGs to provide a more comprehensive understanding of Iron Mountain benefits, as well as introduced our new IM Wellbeing resources. Finally, they partnered with GoodLife Fitness to deliver a six-part miniseries designed to elevate one’s mind, body, and overall well-being.",58,Irrelevant,N/A,N/A,N/A,N/A,N/A,N/A,N/A,N/A,N/A
Iron2023.pdf,24,5,"In Q2 of 2023, Iron Mountain launched Peak, a digital platform that connects all Mountaineers globally and provides a central place for company news and information and for celebrating our successes. With translation capabilities, targeted content, and a mobile application experience, Peak is helping to enhance employee engagement, inclusion, and belonging, reaching Mountaineers no matter how or where they show up for work.",52,Irrelevant,N/A,N/A,N/A,N/A,N/A,N/A,N/A,N/A,N/A
Iron2023.pdf,24,6,"By the end of the year, more than half of our Mountaineers had adopted Peak, exceeding our expectations and benchmarks. Launched and managed by the Corporate. ",22,Irrelevant,N/A,N/A,N/A,N/A,N/A,N/A,N/A,N/A,N/A
Iron2023.pdf,24,7,"Communications team, Peak seeks to share regular updates from leadership and culture, sustainability, and business priorities, shining a light on what it means to be a Mountaineer.",22,Relevant,SDG_8: Economic Growth,General,Non-informative/Vague,Qualitative,High Potential Greenwashing,Non-Climate,GRI 2,General Aspect (GRI 2),Non-Climate Action
Iron2023.pdf,25,1,"An ongoing focus for the Global Benefits, Wellbeing, and Mobility teams is ensuring that benefits align with our values, especially around diversity, equity, inclusion, and belonging. In 2023, we communicated with U.S.-based employees about Benefits for Belonging, a set of benefits that illustrates our commitment to belonging and ensuring we meet the varied needs of our global population.",47,Relevant,SDG_8: Economic Growth,Social,Informative,Qualitative,High Potential Greenwashing,Non-Climate,GRI 2,General Aspect (GRI 2),Non-Climate Action
Iron2023.pdf,25,2,"Some of these benefits include: • Providers that align with employee preferences, from language fluency, gender, ethnicity, or specialization • Gender affirmation services including a travel and lodging benefit, if necessary, to ensure geography is never a barrier to care • A specialized family planning benefit to support inclusive paths to parenthood for all Mountaineers • Support of mental health as a fundamental aspect of one’s overall health. ",55,Relevant,SDG_3: Good Health,Social,Informative,Qualitative,High Potential Greenwashing,Non-Climate,GRI 2,General Aspect (GRI 2),Non-Climate Action
Iron2023.pdf,25,3,"In 2024 we launched “Resources for Living”, a new global employee assistance program that will support all Iron Mountain employees and their household members—24 hours a day, seven days a week—at no cost.",26,Relevant,SDG_8: Economic Growth,Social,Informative,Qualitative,High Potential Greenwashing,Non-Climate,GRI 2,General Aspect (GRI 2),Non-Climate Action
Iron2023.pdf,25,4,"The program is more than a resource during a crisis. It is intended to be a foundational program designed to support ongoing, proactive employee resilience and well-being. The program is curated to address various aspects of an employee’s life, from emotional support to financial/legal counsel to caregiver needs, relationship and family matters, community resources, and emergency/basic needs. The program includes a range of resources including counseling services, educational materials, and tools to enhance mental and emotional well-being.",63,Relevant,SDG_8: Economic Growth,Social,Informative,Qualitative,High Potential Greenwashing,Non-Climate,GRI 2,General Aspect (GRI 2),Non-Climate Action
Iron2023.pdf,25,5,"The Resources for Living launch included clinician-led training for all Mountaineers and people leaders globally. The training introduced new Iron Mountain-specific resources, including a toolkit for people leaders and another focused on resilience. With executive-level sponsorship, the program is embedded through partnerships with our ERGs and culture network. Throughout the year, ongoing campaigns will ensure messaging reaches our employees across the globe.",52,Relevant,SDG_8: Economic Growth,Social,Informative,Qualitative,High Potential Greenwashing,Non-Climate,GRI 2,General Aspect (GRI 2),Non-Climate Action
Iron2023.pdf,27,1,Watch “A Flood of Memories - Appalshop”: Sharing the story of how Iron Mountain stepped in to support Appalshop after a 100-year flood damaged their audio-visual archive of Appalachian heritage.,24,Irrelevant,N/A,N/A,N/A,N/A,N/A,N/A,N/A,N/A,N/A
Iron2023.pdf,27,2,"We protect our customers’ most important assets and information, and, as a result, we have a unique ability to leverage our strengths through our corporate philanthropic efforts. The Living Legacy Initiative is Iron Mountain’s charitable commitment to preserving cultural and historical information and artifacts and making them globally accessible to the public through digitization and education. Our grant program combines financial contributions, in-kind services, and customized solutions to nonprofit agencies, museums, and other nongovernmental organizations to build mutually beneficial partnerships that positively impact our communities.",72,Relevant,SDG_8: Economic Growth,Social,Informative,Qualitative,High Potential Greenwashing,Non-Climate,GRI 2,General Aspect (GRI 2),Non-Climate Action
Iron2023.pdf,27,3,"We select partners who align with our mission, vision, and values and who can benefit from our unique expertise. You can read more about our incredible partner organizations here.",25,Relevant,SDG_8: Economic Growth,General,Non-informative/Vague,Qualitative,High Potential Greenwashing,Non-Climate,GRI 2,General Aspect (GRI 2),Non-Climate Action
Iron2023.pdf,27,4,"In 2023, we partnered with organizations focused on documenting, educating, and addressing how climate change is impacting cultural heritage sites across the globe. While exploring this new area of focus, we maintained our commitment to delivering educational resources to the public to share our collective history to help shape a more positive future. These resources include accessible online archives, guided virtual tours, educational traveling exhibits, preserved indigenous heritage, and more.",59,Relevant,SDG_13: Climate Action,Environmental,Informative,Qualitative,High Potential Greenwashing,Climate,GRI 101,Economical Aspect (GRI 201),Climate Action (SDG13)
Iron2023.pdf,27,5,"• As part of our long-time partnership, in 2023 CyArk digitally documented and released virtual guided tour experiences of sites from Italy, the United States, Greenland, Brazil, and India. Each of these projects focused on the impacts of climate change on cultural heritage. Highlighted in this video is the entire Cave #1 temple complex at the Elephanta Caves World Heritage Site in India.",51,Irrelevant,N/A,N/A,N/A,N/A,N/A,N/A,N/A,N/A,N/A
Iron2023.pdf,27,6,"• In 2023, we began a new partnership with the People’s Palace Projects (PPP) to return the cave of Kamukuwaká to the Wauja people in the Indigenous Xingu Territory in the interior rainforest of Brazil. When the original cave was damaged, PPP and its partners recognized that it was an important part of the Wauja culture and were able to create a full-size replica to replace the original. In addition to financial support to fund the construction of the shelter for the cave replica, Iron Mountain is providing sea-freight shipping to relocate the cave from Spain where it is currently situated to the Xingu Territory in Brazil through its Crozier business, which specializes in fine arts storage and logistics. Read more about the cultural preservation of the cave of Kamukuwaká.",117,Irrelevant,N/A,N/A,N/A,N/A,N/A,N/A,N/A,N/A,N/A
Iron2023.pdf,28,1,"We understand how busy life can be and that finding time to volunteer can be difficult, so we give full-time employees 16 hours and part-time employees eight hours of annual paid time off to volunteer for the causes that are important to them.",38,Relevant,SDG_8: Economic Growth,Social,Informative,Qualitative,High Potential Greenwashing,Non-Climate,GRI 2,General Aspect (GRI 2),Non-Climate Action
Iron2023.pdf,28,2,"In 2023, we continued to see an increase in the number of employees volunteering as well as the average number of hours being logged weekly. We attribute that success to our focus on driving the visibility of the program through leadership communications and posts on our internal communications platform. We shared the volunteer work being done by employees in their local communities across the globe, including animal rescue groups, environmental cleanups, disaster relief efforts, and support for local firehouses, schools, nonprofit boards, and youth sports teams.",75,Relevant,SDG_8: Economic Growth,Social,Informative,Qualitative,High Potential Greenwashing,Non-Climate,GRI 2,General Aspect (GRI 2),Non-Climate Action
Iron2023.pdf,28,3,"Our Volunteer Impact Challenge also served as a way to encourage employees to get involved. At the end of the year, the employee who volunteered the most hours received a $5,000 donation to the charitable organization of their choice. In addition, every employee who logged at least one hour during the year was entered into a raffle for a donation of $1,000 to the charitable organization of their choice. The employee who won logged a total of 765 hours helping a local dog rescue organization!",76,Irrelevant,N/A,N/A,N/A,N/A,N/A,N/A,N/A,N/A,N/A
Iron2023.pdf,28,4,"In early December, in recognition of International Volunteer Day, 210 employees representing 13 countries (Argentina, Australia, Brazil, Canada, Colombia, France, 13 geographies, India, Mexico, Netherlands, Peru, United Kingdom and the United States) contributed 1,317 volunteer hours to causes they care about in their communities. As part of that overall total, we hosted our first-ever virtual volunteer event in the United States with 122 employees volunteering 327 hours and helping 2,799 people access food resources in their local communities.",53,Relevant,SDG_1: No Poverty,Social,Informative,Quantitative,Low Potential Greenwashing,Non-Climate,GRI 2,General Aspect (GRI 2),Non-Climate Action
Iron2023.pdf,29,1,"In 2023, Iron Mountain reached out to Habitat for Humanity to discuss donating materials that were no longer in use at our facilities and could be sold in their stores to raise funds to build homes for those in need. What started as an exploratory conversation quickly turned into a solution to benefit both parties. To date, Iron Mountain has donated over 55 pallets of storage containers that were previously used to store and transport computer backup tapes.",72,Irrelevant,N/A,N/A,N/A,N/A,N/A,N/A,N/A,N/A,N/A
Iron2023.pdf,29,2,"Chicago, Danbury, Houston, Sacramento, San Diego, Seattle, and Tempe. For Iron Mountain, this aligns with our circular economy and zero-waste goals, and Habitat for Humanity will be able to use the proceeds from these sales to help fund its mission. Truly a win-win.",31,Irrelevant,N/A,N/A,N/A,N/A,N/A,N/A,N/A,N/A,N/A
Iron2023.pdf,29,3,We now have local Habitat for Humanity contacts in nineteen markets where we can continue to explore additional options for donating materials that are no longer needed.,26,Irrelevant,N/A,N/A,N/A,N/A,N/A,N/A,N/A,N/A,N/A
Iron2023.pdf,29,4,"Established over 24 years ago, Iron Mountain’s Supplier Diversity program is an essential component of our commitment to sustainability. Our program aims to promote the growth and presence of diverse suppliers in our supply chain. We acknowledge that minority-, women-, LGBTQIA+-, disability-, and veteran-owned companies, as well as small businesses, play a significant role in contributing to the overall economic strength of our communities and can drive better business outcomes through innovation, efficiency, and collaboration.",60,Relevant,SDG_8: Economic Growth,Social,Informative,Qualitative,High Potential Greenwashing,Non-Climate,GRI 2,General Aspect (GRI 2),Non-Climate Action
Iron2023.pdf,29,5,"Engaging with various suppliers is a crucial component of our supplier diversity initiative. Council participation serves as a key avenue for our outreach endeavors. By actively participating in supplier diversity councils, we foster connections with a diverse range of suppliers, providing them with insights into Iron Mountain and guiding them on the process of becoming a supplier with our organization.",55,Relevant,SDG_8: Economic Growth,Social,Informative,Qualitative,High Potential Greenwashing,Non-Climate,GRI 2,General Aspect (GRI 2),Non-Climate Action
Iron2023.pdf,29,6,"Recently, our procurement team engaged with over 100 diverse suppliers at the Women’s Business Enterprise National Council (WBENC) National Conference in Nashville, TN. During the conference, we had the unique opportunity to interact with supply chain students at Tennessee State University (HBCU) and increase their understanding of supply chain management. Also, as part of the conference, Iron Mountain sponsored an event at Yay Yay’s Southern Style Café on historic Jefferson Street in Nashville, TN, where we hosted customers and current and potential suppliers.",68,Irrelevant,N/A,N/A,N/A,N/A,N/A,N/A,N/A,N/A,N/A
Iron2023.pdf,29,7,"We are continuously working toward achieving our supplier diversity goals. Our goal is to continue to increase our diverse-supplier spend with minority-, women-, veteran-, disability-, and LGBTQIA+-owned businesses in the U.S. We are proud to report that for 2023, we achieved a 56% increase from our 2020 baseline. We also track our spend with small businesses. Our small business spend, combined with our diverse-supplier spend, exceeded $279M in 2023.",51,Relevant,SDG_8: Economic Growth,Social,Informative,Quantitative,Low Potential Greenwashing,Non-Climate,GRI 2,General Aspect (GRI 2),Non-Climate Action
Iron2023.pdf,31,1,"Third party assured Iron Mountain has received external assurance for content in this report as described in Appendix B, page 65. We have indicated which metrics received assurance throughout the performance tables.",29,Relevant,SDG_16: Peace,Environmental,Informative,Qualitative,High Potential Greenwashing,Non-Climate,GRI 2,General Aspect (GRI 2),Non-Climate Action
Iron2023.pdf,31,2,"Greenhouse gas (GHG) emissions data is as of 12/31/2023. The time frame for the data is 1/1/2022 to 12/31/2023. The data boundary for the corporate inventory of GHG emissions includes Scope 1, 2 and 3 emissions covered by the GHG Protocol across all Iron Mountain operations.",38,Relevant,SDG_13: Climate Action,Environmental,Informative,Quantitative,Low Potential Greenwashing,Climate,GRI 305,Environmental Aspect (GRI 305),Climate Action (SDG13)
Iron2023.pdf,31,3,*The Scope 1 totals for 2022 have been updated from our 2022 Sustainability Report to reflect the GHG Protocol recommendation that emissions from substances covered by the Montreal Protocol be reported outside the scope of a company’s corporate inventory. See Greenhouse Gases Inventories: Accounting and Reporting Standard Amendment February 2023.,42,Relevant,SDG_12: Responsible Consumption,Environmental,Informative,Qualitative,Low Potential Greenwashing,Climate,GRI 305,Environmental Aspect (GRI 305),Climate Action (SDG13)
Iron2023.pdf,32,1,Energy data is as of 12/31/2023. Time frame for data is 1/1/2019 to 12/31/2023. The data boundary is all Iron Mountain operations and includes a gap analysis and estimation process to cover all operations.,30,Relevant,SDG_7: Affordable Energy,Environmental,Informative,Quantitative,Low Potential Greenwashing,Climate,GRI 302,Environmental Aspect (GRI 305),Climate Action (SDG13)
Iron2023.pdf,32,2,Waste data is as of 12/31/2023. Time frame for data is 1/1/2019 to 12/31/2023. The data boundary for 2023 is all operations and includes waste disposed of on behalf of our customers. It includes a gap analysis and an estimation process to cover all operations. Waste data for the years 2019–2021 does not includes the aforementioned estimation process.,50,Relevant,SDG_12: Responsible Consumption,Environmental,Informative,Quantitative,Low Potential Greenwashing,Climate,GRI 306,Environmental Aspect (GRI 305),Climate Action (SDG13)
Iron2023.pdf,33,1,"Water data is as of 12/31/2023. Time frame for data is 1/1/2019 to 12/31/2023. Water data for 2019, 2021, 2022, and 2023 represents approximately 43%, 46%, 48%, and 42%, respectively, of our total global square footage.",23,Relevant,SDG_6: Clean Water & Sanitation,Environmental,Informative,Quantitative,Low Potential Greenwashing,Climate,GRI 303,Economical Aspect (GRI 201),Climate Action (SDG13)
Iron2023.pdf,34,1,"Workforce data is as of 12/31/2023. The data boundary is all active employees in our internal human resources database. This represents 26,094 of approximately 27,000 employees, or approximately 96.6% of the global Iron Mountain workforce. One employee did not disclose gender as of 12/31/23.",36,Relevant,SDG_8: Economic Growth,Social,Informative,Quantitative,Low Potential Greenwashing,Non-Climate,GRI 2,General Aspect (GRI 2),Non-Climate Action
Iron2023.pdf,35,1,"Workforce data is as of 12/31/2023. The data boundary is all active employees in our internal human resources database. This represents 26,094 of approximately 27,000 employees, or approximately 96.6% of the global Iron Mountain workforce.",28,Relevant,SDG_8: Economic Growth,Social,Informative,Quantitative,Low Potential Greenwashing,Non-Climate,GRI 2,General Aspect (GRI 2),Non-Climate Action
Iron2023.pdf,38,1,"Support: Clerical/ Administrative 86.6% 103.5% 92.6% 92.0% 97.4% 88.0% 88.8% 100.3% 89.2% 108.7% (1) Total Guaranteed Pay (TGP): Due to local pay practices, TGP was used in place of base salary in local currency. *Too few to report and maintain confidentiality.",23,Relevant,SDG_8: Economic Growth,Economic,Informative,Quantitative,Low Potential Greenwashing,Non-Climate,GRI 2,Economical Aspect (GRI 201),Non-Climate Action
Iron2023.pdf,38,2,"Professional: nonmanagerial roles that contribute to strategic objectives by applying specialized knowledge of theories, practices, and procedures. In the United States, these positions are typically exempt from overtime regulations. The Sales category includes selling jobs compensated through a combination of base salary, sales commissions, and/or sales compensation incentive plans. The Non-Sales category encompasses all other professional roles.",45,Relevant,SDG_8: Economic Growth,Economic,Informative,Qualitative,High Potential Greenwashing,Non-Climate,GRI 2,General Aspect (GRI 2),Non-Climate Action
Iron2023.pdf,38,3,"Support: nonmanagerial roles focused on task completion and skills-based contributions, often involving administrative, clerical, or manual tasks. In the United States, individuals in these roles are typically eligible for overtime pay as outlined in local labor regulations. Manual category includes roles primarily involving hands-on physical tasks. Clerical/Administrative category includes roles focused on clerical or administrative duties, typically not involving physical labor.",48,Relevant,SDG_8: Economic Growth,Social,Informative,Qualitative,High Potential Greenwashing,Non-Climate,GRI 2,General Aspect (GRI 2),Non-Climate Action
Iron2023.pdf,39,1,"Support: Clerical/Administrative 101.3% 106.8% 105.1% 88.8% (1) Total Guaranteed Pay (TGP): Due to local pay practices, TGP was used in place of base salary in local currency. *Too few to report and maintain confidentiality.",22,Relevant,SDG_8: Economic Growth,Economic,Informative,Quantitative,Low Potential Greenwashing,Non-Climate,GRI 2,Economical Aspect (GRI 201),Non-Climate Action
Iron2023.pdf,40,1,Employees on maternity or paternity leave at some time during 2020 214 73 141 2021 employees who returned to work after maternity or paternity leave ended 214 73 141. ,21,Relevant,SDG_8: Economic Growth,Social,Informative,Quantitative,Low Potential Greenwashing,Non-Climate,GRI 2,General Aspect (GRI 2),Climate Action (SDG13)
Iron2023.pdf,40,2,Total number of employees who returned from maternity or paternity leave during 2020 and are still employed 12 months after their return 214 73 140 2021 retention rate 100% 100% 99.3%,22,Relevant,SDG_8: Economic Growth,Social,Informative,Quantitative,Low Potential Greenwashing,Non-Climate,GRI 2,General Aspect (GRI 2),Non-Climate Action
Iron2023.pdf,41,1,Training hours as of 12/31/2023. The data boundary is all hours captured through the LinkedIn Learning system as well as training and development hours that are part of our Women in Leadership program.,31,Relevant,SDG_5: Gender Equlaity,Social,Informative,Qualitative,High Potential Greenwashing,Non-Climate,GRI 2,General Aspect (GRI 2),Non-Climate Action
Iron2023.pdf,43,1,"A materiality assessment and stakeholder engagement process helps us understand our stakeholders’ needs by identifying topics that are relevant to the success of our company and areas where we make an impact on society. We use data from the process to refine our sustainability strategy and determine how we can make business decisions that positively impact our communities. We revisit this process every two to three years to account for changes to the business, regulations, society, and climate. We refreshed our materiality assessment and stakeholder engagement process in 2022 using guidance from the Global Reporting Initiative (GRI) 3: Material Topics 2021 standard in order to consider a double-materiality perspective. GRI’s publication The double-materiality concept; Application and issues asks organizations to not only look internally at how sustainability topics impact their performance or value, but also to look externally at how the organization affects the environment and society.",129,Relevant,SDG_8: Economic Growth,Economic,Informative,Qualitative,High Potential Greenwashing,Non-Climate,GRI 2,General Aspect (GRI 2),Non-Climate Action
Iron2023.pdf,43,2,"Simply put, we wanted to understand sustainability topics that affect our business while simultaneously understanding how our business decisions impact society and the environment. We used the following factors recommended by GRI to determine our material topics and complete our materiality assessment: • An inventory of our organizational values, policies, strategies, management systems, goals, and targets • An assessment of our core competencies and their contributions to the United Nations Sustainable Development Goals (SDGs) • A review of topics and future challenges for our sector, as identified by competitors, industry groups, and internationally recognized sustainability standards boards and reporting frameworks • A review of laws, regulations, international agreements, and voluntary agreements of strategic significance to our organization • A comprehensive survey of the interest and expectations of stakeholders. ",107,Relevant,SDG_8: Economic Growth,General,Informative,Qualitative,High Potential Greenwashing,Non-Climate,GRI 2,General Aspect (GRI 2),Non-Climate Action
Iron2023.pdf,43,3,"The materiality results overview below fulfills the requirements for GRI disclosures 3-1-a, 3-1-b, 3-2-a, and 3-2-b: • How we identified positive and negative impacts, both actual and potential, on the economy, environment, and people, including impacts on their human rights and across their activities and business relationships • How we prioritized the impacts for reporting based on their significance • The stakeholders and experts whose views have informed the process of determining our material topics • A list of material topics • Changes to the list of material topics compared to the previous reporting period. ",80,Relevant,SDG_12: Responsible Consumption,Economic,Informative,Qualitative,High Potential Greenwashing,Non-Climate,GRI 2,General Aspect (GRI 2),Non-Climate Action
Iron2023.pdf,44,1,"The stakeholder engagement component of our materiality assessment included perspectives from our employees, customers, suppliers, nonprofit partners, and investors. Our collection methods included surveys and interviews, as well as research of publicly available materials produced by our stakeholders. Participants were asked to evaluate potential topic areas, provide feedback on the relative importance of topic areas based on their relationship with Iron Mountain, and consider how Iron Mountain affects our stakeholders, society, and the environment.",62,Relevant,SDG_16: Peace,Economic,Informative,Qualitative,High Potential Greenwashing,Non-Climate,GRI 2,General Aspect (GRI 2),Non-Climate Action
Iron2023.pdf,44,2,"Inventory of our organizational values, policies, strategies, management systems, goals, and targets • Iron Mountain purpose statement, values (2022 Sustainability Report, page 5) • Business overview (2022 Form 10-K page 1) • Business strategy (2022 Form 10K page 1) • Iron Mountain products and services overview (Iron Mountain webpage) • Iron Mountain sustainability pillars (2022 Sustainability Report, page 6) • Iron Mountain sustainability goals (2023 Sustainability Report, pages 8-9)",40,Relevant,SDG_8: Economic Growth,General,Informative,Qualitative,High Potential Greenwashing,Non-Climate,GRI 2,General Aspect (GRI 2),Non-Climate Action
Iron2023.pdf,44,3,"GRI 1: Foundation 2021 defines the impact as the “effect the organization has or could have on the economy, environment, and people, including on their human rights, which in turn can indicate its contribution (negative or positive) to sustainable development.” The impact areas are considered for their alignment with the United Nations Sustainable Development Goals (SDGs) to effectively communicate Iron Mountain’s “contribution to sustainable development.” See Appendix B: Sustainable Development Goals (2022 Sustainability Report).",57,Relevant,SDG_11: Sustainable Cities,Economic,Informative,Qualitative,High Potential Greenwashing,Climate,GRI 2,General Aspect (GRI 2),Non-Climate Action
Iron2023.pdf,44,4,"A review of topics and future challenges for our sector, as identified by competitors, industry groups, and internationally recognized sustainability standards boards and reporting frameworks • Sustainability Accounting Standards Board® (SASB) Real Estate Services Industry Standards • Sustainability Accounting Standards Board® (SASB) Air Freight and Logistics Industry standards • National Association of Real Estate Investment Trusts (NAREIT) Practical Reference for ESG Implementation and Reporting • Association for Information and Image Management (AIIM) 2021 State of the Intelligent Information Management Industry • Peer and competitor sustainability reports. ",70,Relevant,SDG_8: Economic Growth,General,Informative,Qualitative,High Potential Greenwashing,Climate,GRI 2,General Aspect (GRI 2),Non-Climate Action
Iron2023.pdf,44,5,"A review of laws, regulations, international agreements, and voluntary agreements of strategic significance to our organization • Iron Mountain 2021 Form 10-K Item 1A Risk Factors • Iron Mountain 2022 CDP Response • Iron Mountain 2021 Corporate Responsibility Report. ",27,Relevant,SDG_16: Peace,General,Informative,Qualitative,High Potential Greenwashing,Non-Climate,GRI 2,General Aspect (GRI 2),Non-Climate Action
Iron2023.pdf,44,6,Surveys and interviews as well as research of publicly available materials were produced by our stakeholders. See the summary in the (2022 Sustainability Report page 52).,23,Relevant,SDG_8: Economic Growth,General,Informative,Qualitative,High Potential Greenwashing,Non-Climate,GRI 2,General Aspect (GRI 2),Non-Climate Action
Iron2023.pdf,45,1,"Employees • Employee engagement surveys • Performance evaluations, including end-of-year discussions and periodic career conversations • Feedback via frontline managers in daily pre-shift meetings and monthly team meetings • Roundtable discussions held with employees • Multiple one-way and two-way communication channels and internal digital platforms • Surveys as part of materiality assessment; sample consisted of 80 employees including executive leadership, business unit and operational leadership, sustainability subject matter experts, and frontline workers. ",55,Relevant,SDG_8: Economic Growth,Social,Informative,Qualitative,High Potential Greenwashing,Non-Climate,GRI 2,General Aspect (GRI 2),Non-Climate Action
Iron2023.pdf,45,2,"Customers • Regular customer feedback collected via Customer Advisory Board (CAB), customer experience surveys, and Service Experience follow-up calls from the Customer Advocacy Center • Regular customer-initiated requests for information or annual audits • Educational series • Webinars • Association event attendance as sponsor/presenter • Surveys of customers as part of materiality assessment identified by the Customer Experience team. ",47,Relevant,SDG_8: Economic Growth,Social,Informative,Qualitative,High Potential Greenwashing,Non-Climate,GRI 2,General Aspect (GRI 2),Non-Climate Action
Iron2023.pdf,45,3,"Suppliers • Association event attendance as sponsor/presenter • Request for proposal, requests for information, and contract initiation and execution • Regular business reviews • Surveys of suppliers as part of materiality assessment as identified by Global Procurement. ",29,Relevant,SDG_12: Responsible Consumption,General,Informative,Qualitative,High Potential Greenwashing,Non-Climate,GRI 2,General Aspect (GRI 2),Non-Climate Action
Iron2023.pdf,45,4,Nonprofit partners • Feedback from partner organizations and grant recipients • Discussions with prospective grant recipients • Partner presentations to employee groups • Volunteer events and activities • Surveys and interviews of nonprofit partners as part of materiality assessment and identified by the manager of Community Engagement. ,41,Relevant,SDG_8: Economic Growth,Social,Informative,Qualitative,High Potential Greenwashing,Non-Climate,GRI 2,General Aspect (GRI 2),Non-Climate Action
Iron2023.pdf,46,1,High impact on Iron Mountain • Enterprise risk management • Innovative products • Customer support and satisfaction • Talent attraction • Delivering on sustainability commitments • Facilities security and emergency response. ,24,Relevant,SDG_8: Economic Growth,General,Informative,Qualitative,High Potential Greenwashing,Non-Climate,GRI 2,General Aspect (GRI 2),Non-Climate Action
Iron2023.pdf,46,2,"High impact on environment and society and Iron Mountain • Data privacy and protection • Compliance and business ethics • Greenhouse gas emissions • Energy use • Diversity, equity, and inclusion • Employee health, safety, wellbeing, and wages • Human rights • Resilient operations. ",30,Relevant,SDG_16: Peace,Social,Informative,Qualitative,High Potential Greenwashing,Climate,GRI 2,General Aspect (GRI 2),Non-Climate Action
Iron2023.pdf,48,1,"The Global Reporting Initiative (GRI) provides the world’s most widely used framework for sustainability reporting. The GRI Standards offer a structured format to coherently and comprehensively share information about material issues, performance metrics, and the management of sustainability-related issues within the organization. This report has been prepared in accordance with the GRI Standards GRI 1: Foundation 2021.",48,Relevant,SDG_12: Responsible Consumption,General,Informative,Qualitative,High Potential Greenwashing,Non-Climate,GRI 2,General Aspect (GRI 2),Non-Climate Action
Iron2023.pdf,48,2,GRI 2: General disclosures 2021 2-1 Organizational details All 2023 Form 10-K 2-2 Entities included in the organization’s sustainability reporting 2-2-a 2023 Form 10-K 2-2-b There are no differences between the entities included in our sustainability reporting and the entities listed in our audited consolidated financial statements filed on public record.,38,Relevant,SDG_8: Economic Growth,General,Informative,Quantitative,Low Potential Greenwashing,Non-Climate,GRI 2,General Aspect (GRI 2),Non-Climate Action
Iron2023.pdf,48,3,2-2-c We do not make adjustments to information for minority interests in our Sustainability Report. Our sustainability reporting includes all entities under operational control during the reporting period.,25,Relevant,SDG_8: Economic Growth,General,Informative,Qualitative,High Potential Greenwashing,Non-Climate,GRI 2,General Aspect (GRI 2),Non-Climate Action
Iron2023.pdf,48,4,The Scope 1 totals for 2019–2022 have been updated to reflect the GHG Protocol recommendation that emissions that are part of the Montreal Protocol be reported outside the scope of a company’s corporate inventory. GHG emissions that are part of the Montreal Protocol have been moved to a table of “other greenhouse gas emissions.” See page 31.,50,Relevant,SDG_13: Climate Action,Environmental,Informative,Qualitative,Low Potential Greenwashing,Climate,GRI 305,Environmental Aspect (GRI 305),Climate Action (SDG13)
Iron2023.pdf,48,5,"Statement of use: Iron Mountain has reported the information cited in this GRI content index for the period January 1, 2023–December 31, 2023, with reference to the GRI Standards.",23,Relevant,SDG_13: Climate Action,General,Informative,Quantitative,Low Potential Greenwashing,Climate,GRI 2,General Aspect (GRI 2),Non-Climate Action
Iron2023.pdf,49,1,"GRI 2: General disclosures 2021 2-5 External assurance All Statement of Assurance, Appendix B, page 65 2-6 Activities, value chain, and other business relationships All 2023 Form 10-K There are no significant changes in the organization’s sectors, value chain, and other business relationships compared to the previous reporting period.",34,Relevant,SDG_8: Economic Growth,General,Informative,Qualitative,High Potential Greenwashing,Non-Climate,GRI 2,General Aspect (GRI 2),Non-Climate Action
Iron2023.pdf,49,2,"2-7 Employees All Performance Tables, pages 31-41 There were no significant fluctuations in the number of employees during the reporting period and between reporting periods.",21,Relevant,SDG_8: Economic Growth,Economic,Informative,Qualitative,High Potential Greenwashing,Non-Climate,GRI 2,General Aspect (GRI 2),Non-Climate Action
Iron2023.pdf,49,3,"2-9 Governance structure and composition All 2024 Proxy Statement 2-10 Nomination and selection of the highest governance body All 2024 Proxy Statement 2-11 Chair of the highest governance body All 2024 Proxy Statement 2-12 Role of the highest governance body in overseeing the management of impacts 2-12-a Sustainability Governance, page 7 2-12-b Materiality and Stakeholder Assessment, pages 43-46 2-12-c Sustainability Governance, page 7",43,Relevant,SDG_11: Sustainable Cities,General,Informative,Qualitative,High Potential Greenwashing,Non-Climate,GRI 2,General Aspect (GRI 2),Non-Climate Action
Iron2023.pdf,50,1,GRI 2: General disclosures 2021 2-13 Delegation of responsibility for managing impacts All See GRI 3: Material Topics pages 60-62 2-14 Role of the highest governance body in sustainability reporting All Iron Mountain TCFD Report 2-15 Conflicts of interest All Code of Ethics and Business Conduct 2-16 Communication of critical concerns All Code of Ethics and Business Conduct 2-17 Collective knowledge of the highest governance body All See GRI 3: Material Topics pages 60-62 2-18 Evaluation of the performance of the highest governance body All 2024 Proxy Statement 2-19 Remuneration policies All 2024 Proxy Statement 2-20 Process to determine remuneration All 2024 Proxy Statement. ,81,Relevant,SDG_16: Peace,General,Informative,Quantitative,High Potential Greenwashing,Non-Climate,GRI 2,General Aspect (GRI 2),Non-Climate Action
Iron2023.pdf,51,1,GRI 2: General disclosures 2021 2-21 Annual total compensation ratio All 2024 Proxy Statement 2-22 Statement on sustainable development strategy All Iron Mountain Communication on Progress 2023 to the United Nations Global Compact 2-23 Policy commitments 2-23-a Code of Ethics and Business Conduct 2-23-b Human Rights Policy 2-23-c 2-23-d 2-23-e 2-23-f 2-24 Embedding policy commitments All. ,38,Relevant,SDG_8: Economic Growth,General,Informative,Quantitative,Low Potential Greenwashing,Non-Climate,GRI 2,General Aspect (GRI 2),Non-Climate Action
Iron2023.pdf,52,1,"In 2023, there were 172 cases reported through the Iron Mountain Human Rights Policy Ethics Line. In any instance where a substantiated violation was identified, appropriate action was taken.",24,Relevant,SDG_16: Peace,Social,Informative,Quantitative,High Potential Greenwashing,Non-Climate,GRI 2,General Aspect (GRI 2),Non-Climate Action
Iron2023.pdf,52,2,"Aerospace Industries Association (AIA), Allegheny Conference, ARMA International (ARMA), Armed Forces Communications and Electronics Association (AFCEA), Association for Information and Image Management (AIIM), Association of Corporate Counsel (ACC), BSR, Business-Government Relations Council, Clean Energy Buyers Association (CEBA), Circular Electronics Partnership (CEP), Data Center Coalition (DCC), Digital Pathology Association (DPA), Disability: IN, Healthcare Information and Management Systems Society (HIMSS), Healthcare Plastics Recycling Council (HPRC), Information Technology Industry Council (ITI), International Secure Information Governance & Management Association™ (iSigma), National Association for Business Political Action Committees (NABPAC), National Association of Real Estate Investments Trusts (Nareit®), National Minority Supplier Development Council (NMSDC), Northern Virginia Technology Council, Pennsylvania Chamber of Commerce, Supply Nation Australia, Sustainable Brands corporate members, The New England Council, Women’s Business Enterprise National Council (WBENC) 2-29 Approach to stakeholder engagement All Materiality and Stakeholder Assessment, pages 43-46 2-30 Collective bargaining agreements 2-30-a Performance Tables, pages 31-41. ",104,Relevant,SDG_9: Industry & Innovation,Social,Informative,Qualitative,High Potential Greenwashing,Climate,GRI 2,General Aspect (GRI 2),Non-Climate Action
Iron2023.pdf,52,3,"GRI 3: Material topics 2021 3-1 Process to determine material topics All Materiality and Stakeholder Assessment, pages 43-46 3-2 List of material topics All Materiality and Stakeholder Assessment, pages 43-46 Iron Mountain completed a materiality assessment in 2022 using a double-materiality assessment process.",31,Relevant,SDG_8: Economic Growth,Economic,Informative,Quantitative,High Potential Greenwashing,Non-Climate,GRI 2,General Aspect (GRI 2),Non-Climate Action
Iron2023.pdf,53,1,GRI 205: Anti-corruption 2016 205-2 Communication and training about anti-corruption policies and procedures 205-2-a All governance body members have access to our organization’s anti-corruption policies and procedures through our policy center and our Code of Ethics and Business Conduct.,29,Relevant,SDG_16: Peace,Economic,Informative,Qualitative,High Potential Greenwashing,Non-Climate,GRI 2,General Aspect (GRI 2),Non-Climate Action
Iron2023.pdf,53,2,205-2-c All business partners have access to our organization’s anti-corruption policies and procedures through our Code of Ethics and Business Conduct and our Supplier Code of Conduct.,23,Relevant,SDG_16: Peace,Economic,Informative,Qualitative,High Potential Greenwashing,Non-Climate,GRI 2,General Aspect (GRI 2),Non-Climate Action
Iron2023.pdf,53,3,"Our annual Code of Ethics training, which is a mandatory annual training for all employees around the globe, is part of a global compliance training strategy. In addition to the Code of Ethics training, employees are required to complete assigned compliance training programs in accordance with our Compliance Training Strategy based on their role and legal requirements. Iron Mountain requires employees in Legal, Sales, Real Estate, Finance, HR, Procurement, Marketing, and other functions to complete an annual anti-bribery and anti-corruption course.",66,Relevant,SDG_16: Peace,Economic,Informative,Qualitative,High Potential Greenwashing,Non-Climate,GRI 2,General Aspect (GRI 2),Non-Climate Action
Iron2023.pdf,54,1,"Iron Mountain’s primary business activities include information management, storage, and destruction. Physical input materials for Iron Mountain’s products and services, including recycled input materials, are limited. A significant source of the materials we purchase is the corrugated cardboard boxes used to store our customers’ records. Given this significant volume, we carefully select the boxes we purchase to minimize environmental impacts. The Iron Mountain EcoBox is made from at least 65% recycled materials and 35% sustainably managed forests. The boxes are certified by the Forest Stewardship Council (FSC), a group that works to ensure forests are properly and responsibly maintained to meet economic needs, conserve biodiversity and preserve species, while also taking into account land rights and the rights of Indigenous communities and workers. These boxes are recycled once they reach the end of their storage life. Iron Mountain purchased approximately 15 million boxes that met the FSC certification requirements in 2023.",129,Relevant,SDG_12: Responsible Consumption,Environmental,Informative,Qualitative,High Potential Greenwashing,Climate,GRI 306,Environmental Aspect (GRI 305),Climate Action (SDG13)
Iron2023.pdf,55,1,GRI 303: Water and effluents 2018 303-1 Interactions with water as a shared resource All This information will be available as part of Iron Mountain’s 2024 public CDP Water response. We intend that this response will be made available on our sustainability webpage after its publication in 2024.,40,Relevant,SDG_6: Clean Water & Sanitation,Environmental,Informative,Qualitative,High Potential Greenwashing,Climate,GRI 303,Environmental Aspect (GRI 305),Climate Action (SDG13)
Iron2023.pdf,56,1,"In addition to our own waste stream, Iron Mountain is committed to being a responsible partner to our customers. To this end, we continuously seek innovative ways to help minimize the environmental impacts of our service offerings. One example is our Secure IT Asset Disposition (SITAD) service in the United States, which provides a safe and responsible way for our customers to dispose of or recycle their electronic waste. As an E-stewards Enterprise, when customers choose Iron Mountain for the disposal of their electronic waste, they are assured that all of our processors meet stringent environmental and social standards. We also offer secure destruction of paper documents and used boxes through our shredding service. This offering provides a safe and environmentally conscious solution for our customers looking to dispose of documents. We offer onsite and offsite shredding services on a one-time or recurring basis to tailor each solution to the customer’s needs. One hundred percent of paper shredded through this service is recycled, and customers using this service are given reports that outline the environmental benefits attributed to their document disposal.",163,Relevant,SDG_12: Responsible Consumption,Environmental,Informative,Qualitative,High Potential Greenwashing,Climate,GRI 306,General Aspect (GRI 2),Non-Climate Action
Iron2023.pdf,56,2,"In 2023, we helped our customers to responsibly dispose of • 20,934 tons of e-waste • 9,037 tons of backup tapes and miscellaneous media • 1,989 tons of X-ray film • 2,067 tons of plastic pharmacy bottles • 483,490 tons of cardboard and paper 306-2 Management of significant waste-related impacts All Iron Mountain CDP Response Iron Mountain TCFD Report 306-3 Waste generated All Performance Tables, pages 31-41 306-4 Waste diverted from disposal All Performance Tables, pages 31-41 306-5 Waste directed to disposal All Performance Tables, pages 31-41. ",61,Relevant,SDG_12: Responsible Consumption,Environmental,Informative,Quantitative,Low Potential Greenwashing,Climate,GRI 306,Environmental Aspect (GRI 305),Climate Action (SDG13)
Iron2023.pdf,57,1,"U.S. full-time employees regularly scheduled to work 30 or more hours per week are eligible for benefits. Part-time U.S. employees regularly scheduled to work between 20 and 29 hours per week are eligible for certain benefits including a Savings Medical Plan, Dental, Vision, Resources for Living EAP Program, Commuter Benefits, Wellbeing and Incentives, 401(k) plan, and voluntary benefits such as Critical Illness, Accident Insurance, Legal Plan, Hospital Indemnity, and Identity Theft.",50,Relevant,SDG_8: Economic Growth,Social,Informative,Qualitative,High Potential Greenwashing,Non-Climate,GRI 2,General Aspect (GRI 2),Non-Climate Action
Iron2023.pdf,57,2,"Iron Mountain’s parental and maternity benefits vary by country in order to ensure compliance with local laws and regulations. In the United States, our parental leave policy provides up to eight weeks of fully paid leave to birth and nonbirth parents. This benefit provides 100% of pay for up to eight weeks and can be taken all at once or intermittently in weekly increments to provide important flexibility. New parents are offered a variety of resources, including a virtual family planning program with a dedicated Care Advocate, backup dependent care, Resources for Living EAP, and a Dependent Care Flexible Spending Account.",90,Relevant,SDG_5: Gender Equlaity,Social,Informative,Qualitative,High Potential Greenwashing,Non-Climate,GRI 2,General Aspect (GRI 2),Non-Climate Action
Iron2023.pdf,57,3,Iron Mountain has implemented an occupational health and safety management system in alignment with the standards developed in the creation of ISO 45001.,22,Relevant,SDG_3: Good Health,Social,Informative,Qualitative,High Potential Greenwashing,Non-Climate,GRI 2,General Aspect (GRI 2),Non-Climate Action
Iron2023.pdf,57,4,"Iron Mountain’s occupational health and safety policy applies to all employees, customers, visitors, or other parties of wholly owned entities and majority-owned joint ventures who perform services for or on behalf of Iron Mountain regardless of the capacity in which they do so in geographies, business lines, and functions in which we operate.",45,Relevant,SDG_8: Economic Growth,Social,Informative,Qualitative,High Potential Greenwashing,Non-Climate,GRI 2,General Aspect (GRI 2),Non-Climate Action
Iron2023.pdf,58,1,"GRI 404: Training and education 2016 404-1 Average hours of training per year per employee All Performance Tables, pages 31-41 404-2 Programs for upgrading employee skills and transition assistance programs 404-2-a Training and Development, page 22. ",25,Relevant,SDG_8: Economic Growth,Social,Informative,Quantitative,Low Potential Greenwashing,Non-Climate,GRI 2,General Aspect (GRI 2),Non-Climate Action
Iron2023.pdf,59,1,"GRI 405: Diversity and equal opportunity 2016 405-1 Diversity of governance bodies and employees All Performance Tables, pages 31-41 405-2 Ratio of basic salary and remuneration of women to men All Performance Tables, pages 31-41. ",25,Relevant,SDG_5: Gender Equlaity,Social,Informative,Quantitative,High Potential Greenwashing,Non-Climate,GRI 2,General Aspect (GRI 2),Non-Climate Action
Iron2023.pdf,59,2,"List of partners and other organizations funded in 2023: Appalshop, CyArk, Lincoln Presidential Library Foundation, People’s Palace Projects, World Monuments Fund, Lemontree, St. Mary’s Center for Women and Children, Massachusetts Wonderfund, Me & Korea, Girls Inc. of Greater Atlanta, Pauli Murray Center of History and Social Justice. ",30,Irrelevant,N/A,N/A,N/A,N/A,N/A,N/A,N/A,N/A,N/A
Iron2023.pdf,60,1,"Our Code of Ethics and Business Conduct sets forth our policies and standards on a variety of topics, such as safety and security, inclusion and diversity, harassment and discrimination, conflicts of interest, bribery and corruption, environment and sustainability, and human rights and privacy considerations, among others. We also offer an opportunity for anyone to report incidents of fraud, waste, abuse, corruption, or any other ethical or human rights concerns to our Ethics Line. An independent company operates the Ethics Line, and individuals who report concerns can choose to remain anonymous (where law permits). Our robust compliance training program is a critical way we ensure that we meet our customers’ expectations, abide by all regulatory requirements, and adhere to all internal and external policies. Employees are required to complete regulatory training annually. Courses are assigned based on a variety of factors, including role, access to information, policy, regulations, and law. Our process encourages participation and accountability to ensure that employees complete their annual compliance training requirements. Our Compliance Training Curriculum is dynamic and tailored to ensure we maintain our certifications, meet our commitments to our customers, and deliver value to all stakeholders (including our employees) by reducing mistakes and unnecessary expenses.",166,Relevant,SDG_16: Peace,Economic,Informative,Qualitative,High Potential Greenwashing,Non-Climate,GRI 2,General Aspect (GRI 2),Non-Climate Action
Iron2023.pdf,60,2,"Our stakeholders place significant trust in us to manage their valuable information and assets and deliver services with as little interruption as possible. To do this, we must effectively identify, assess, and manage risk. Our Risk Management team has developed a comprehensive global framework for reducing risks based on four dimensions: degree of impact, likelihood of occurrence, control effectiveness, and risk tolerance. As part of our enterprise risk management (ERM) process, we undertake an annual risk assessment to identify and quantify these risks along these dimensions. The Risk Management team regularly engages with business unit and operational leads around these risks through the ERM Steering Committee and with executive leadership through the Enterprise Risk Committee (ERC). The board of directors reviews the company’s overall risk position and management processes. The Risk and Safety Committee has the primary responsibility for assisting the board with oversight of the Company’s Enterprise Risk Management (ERM) program.",133,Relevant,SDG_16: Peace,Economic,Informative,Qualitative,High Potential Greenwashing,Non-Climate,GRI 2,General Aspect (GRI 2),Non-Climate Action
Iron2023.pdf,60,3,"The economic success of our business determines Iron Mountain’s ability to create value for all of our stakeholders, including shareholders, employees, partners, and the communities in which we work. The topics described here are material to our shareholders and our employees. Iron Mountain’s strategy, financial performance, and risk management are the responsibility of the executive leadership team under the oversight of the board of directors. Annual targets are established across all aspects of financial performance, and performance against these targets is monitored throughout the year. When deviations from projections and goals are anticipated, a variety of remedial actions are considered, including cost-saving measures, enhanced revenue generation, and other measures as deemed appropriate.",93,Relevant,SDG_8: Economic Growth,General,Informative,Qualitative,High Potential Greenwashing,Non-Climate,GRI 2,General Aspect (GRI 2),Non-Climate Action
Iron2023.pdf,60,4,"GRI 205: Anti-corruption 2016 Our Code of Ethics and Business Conduct demands that we respect and comply with fair competition and antitrust requirements worldwide. This includes legal requirements, as well as our company policies and procedures.",30,Relevant,SDG_16: Peace,Economic,Informative,Qualitative,High Potential Greenwashing,Non-Climate,GRI 2,General Aspect (GRI 2),Non-Climate Action
Iron2023.pdf,60,5,"Iron Mountain believes that a free and competitive marketplace offers us the best opportunity to succeed. By delivering value and providing best-in-class service, we strive to outperform the competition and build long-term trust with our customers. We recognize that even the appearance of unfairness or deception in our competitive practices can directly impact our chances of success. Our Code of Ethics and Business Conduct also demands that we be aware of and respect fair competition and antitrust requirements worldwide. This includes legal requirements as well as our company policies and procedures. Employees who may come into contact with competitors or competitively sensitive information are required to complete Antitrust and Fair Competition training and to certify to company policies.",109,Relevant,SDG_16: Peace,Social,Informative,Qualitative,High Potential Greenwashing,Non-Climate,GRI 2,General Aspect (GRI 2),Non-Climate Action
Iron2023.pdf,61,1,"Additional information about our management of environmental topics can be found in the Iron Mountain Environmental Policy and the Iron Mountain Task Force for Climate-related Financial Disclosures (TCFD) Report. Iron Mountain strives to responsibly limit our impact on the environment. Our service offerings include solutions that support our customers in reducing their own environmental impacts, and we regularly assess these offerings to ensure they are meeting our customers’ needs. The topics described here are relevant to our employees, customers, partners, and, indirectly, to our shareholders. The Risk and Safety Committee of the board of directors considers climate risks as part of the corporate risk evaluation process and receives quarterly reports on climate risk. The Senior Director of Sustainability, who reports to the Executive Vice President, General Counsel and Secretary (a member of our Executive Leadership Team led by the CEO), has responsibility for our sustainability strategy. The Senior Vice President, Global Real Estate, who reports through the Senior Vice President, Global Business Service to the Chief Financial Officer (a member of our Executive Leadership Team led by the CEO), has operational responsibility for environmental management. Our Global Environmental Policy outlines our commitments, processes, and responsibilities to and for environmental management. Our Code of Ethics and Business Conduct includes our views on protecting the environment and building sustainability. The Chief Procurement Officer is responsible for overseeing corporate-wide purchasing. Current efforts to measure and reduce environmental impacts at sites and regional levels are regularly assessed through data collection and analysis. Emissions resulting from energy use, direct releases of GHG emissions and business travel are closely tracked. Additionally, some metrics, such as energy use and utility spend, are reviewed at least twice a year at the Executive Vice President level.",249,Relevant,SDG_8: Economic Growth,Economic,Informative,Qualitative,High Potential Greenwashing,Climate,GRI 306,Economical Aspect (GRI 201),Climate Action (SDG13)
Iron2023.pdf,61,2,"Information about Iron Mountain’s management of human rights topics can be found in the Iron Mountain Human Rights Policy. Iron Mountain is a signatory to the UN Global Compact, a voluntary initiative based on CEO commitments to implement universal sustainability principles and to undertake partnerships in support of UN goals. This demonstrates our ongoing commitment to upholding human rights, including the elimination of discrimination, forced labor, and child labor.",61,Relevant,SDG_16: Peace,General,Informative,Qualitative,High Potential Greenwashing,Non-Climate,GRI 2,General Aspect (GRI 2),Non-Climate Action
Iron2023.pdf,61,3,"Our Code of Ethics and Business Conduct guides the behavior and culture of our workforce, allowing us to put our values into action every day. Our Chief Compliance Officer is responsible for monitoring compliance with the Code. He presents to the full board on an annual basis and attends each regularly scheduled Audit Committee meeting to uphold an ongoing dialogue that includes addressing evolving risks and, when necessary, enhancing our standards, controls, training, and monitoring mechanisms. The Chief Compliance Officer reports to the EVP, General Counsel and Secretary.",77,Relevant,SDG_16: Peace,Social,Informative,Qualitative,High Potential Greenwashing,Non-Climate,GRI 2,General Aspect (GRI 2),Non-Climate Action
Iron2023.pdf,61,4,"GRI 401: Employment 2016 Our Senior Vice President of Total Rewards oversees enterprise-wide compensation and benefits with a team of internationally based compensation and benefit professionals. Our Vice President, HR Services and Operations, oversees enterprise-wide talent acquisition with a team of internationally based talent acquisition and recruiting professionals.",40,Relevant,SDG_8: Economic Growth,Social,Informative,Qualitative,High Potential Greenwashing,Non-Climate,GRI 2,General Aspect (GRI 2),Non-Climate Action
Iron2023.pdf,61,5,"Meeting our commitment to operate safely and responsibly is overseen by the EVP, Chief Risk Officer. Our Global Health and Safety Policy defines the basic requirements of our health and safety management system and serves as the foundation of our safety endeavors. The Risk and Safety Committee, based on reports provided by the Company’s management, monitors the adequacy of material fire, health, safety, security, business continuity, chain of custody, cybersecurity and information security, and risk management strategies and systems for the reporting of accidents, incidents and risks, and material investigations and remedial actions.",77,Relevant,SDG_16: Peace,Social,Informative,Qualitative,High Potential Greenwashing,Non-Climate,GRI 2,General Aspect (GRI 2),Non-Climate Action
Iron2023.pdf,61,6,"The Vice President, Global Talent Management, reports to the Chief Human Resources Officer and oversees a team including the Senior Program Manager, Global Talent Solutions, who implement our enterprise-wide learning and development framework.",27,Relevant,SDG_4: Quality Education,Social,Informative,Qualitative,High Potential Greenwashing,Non-Climate,GRI 2,General Aspect (GRI 2),Non-Climate Action
Iron2023.pdf,62,1,"The Chief Human Resources Officer is responsible for the policies for diversity and equal opportunity and reports to our CEO. Inclusion, diversity, and preventing harassment and discrimination are addressed in our Code of Ethics and Business Conduct.",33,Relevant,SDG_16: Peace,Social,Informative,Qualitative,High Potential Greenwashing,Non-Climate,GRI 2,General Aspect (GRI 2),Non-Climate Action
Iron2023.pdf,62,2,"Iron Mountain’s robust network and infrastructure of approximately 27,000 employees and approximately 1,400 facilities are actively engaged with our global community. We offer volunteerism, financial grant awards, and in-kind service to nonprofits and nongovernmental organizations to strengthen our communities. Iron Mountain’s Manager, Community Engagement, leads our philanthropic initiatives and our volunteerism programs. Our materiality assessment included a community engagement component, including survey distribution and interviews with select nonprofit partners.",55,Relevant,SDG_8: Economic Growth,Social,Informative,Qualitative,High Potential Greenwashing,Non-Climate,GRI 2,General Aspect (GRI 2),Non-Climate Action
Iron2023.pdf,62,3,"With respect to public policy, Iron Mountain does not make political contributions from corporate funds or resources. All company donations and charitable contributions worldwide are controlled through a compliance policy, ensuring that these gifts are free of conflicts of interest and aligned with national and local laws. As stated in our Proxy Statement, corporate funds are not used in support of or opposition to political candidates, political parties, political committees, and other political entities organized and operating for political candidates. In addition, corporate funds are not used for “electioneering” communications. The Company administers IMPAC (Iron Mountain Incorporated Employees Political Action Committee), which is a nonpartisan political action committee supporting candidates for elected office in the U.S. IMPAC allows eligible employees to pool their resources to support candidates who understand the issues important to the Company’s business and its employees. Participation in IMPAC is strictly voluntary. Except for administrative expenses, IMPAC is funded solely by the Company’s employees and directors and is not supported by funds from the Company. IMPAC complies with federal election laws and all other applicable laws and reports regularly to the Federal Election Commission. In addition, IMPAC is governed by a set of bylaws and supervised by a board of directors composed of senior managers from different areas of the Company.",190,Relevant,SDG_16: Peace,Social,Informative,Qualitative,High Potential Greenwashing,Non-Climate,GRI 2,General Aspect (GRI 2),Non-Climate Action
Iron2023.pdf,62,4,Data privacy and security are at the core of our business. We are committed to ensuring that our customer data is safe and managed in line with applicable regulations and that privacy safeguards and data security controls are embedded in our products and services.,42,Relevant,SDG_16: Peace,Social,Informative,Qualitative,High Potential Greenwashing,Non-Climate,GRI 2,General Aspect (GRI 2),Non-Climate Action
Iron2023.pdf,62,5,"While each Mountaineer plays an important role in helping to ensure compliance and protect customer data, the global privacy and compliance function is responsible for our data privacy. Iron Mountain’s Global Privacy Program is overseen by the Head of Global Privacy with support of an international team of privacy legal counsels and compliance professionals. Our Global Privacy Program is driven by the EU GDPR standards, and we have implemented policies and procedures that facilitate our data privacy compliance and reinforce a culture of privacy among our workforce. Iron Mountain maintains the EU-U.S. Privacy Shield certification, including the UK and Swiss extensions. In 2023, we applied for the EU Binding Corporate Rules (BCR) for use when we act as controller and processor, and we expect that the competent supervisory authority will approve our BCR in 2024.",122,Relevant,SDG_16: Peace,Social,Informative,Qualitative,High Potential Greenwashing,Non-Climate,GRI 2,General Aspect (GRI 2),Non-Climate Action
Iron2023.pdf,62,6,"As our customers face ever-growing volumes of information, from business records to their customer and employee personal data, we remain committed to ensuring our suite of services can help them protect their data, comply with regulations, and quickly respond to any kind of breach or cyberattack, while minimizing the impact to their brand reputation and business processes. When customer data incidents are reported via dedicated systems, they are investigated and assessed by an experienced team of professionals. This process allows the team to efficiently track incidents, identify trends, and develop processes and procedures to prevent recurring incidents. On the rare occasion when customer data is or could have been compromised, the incident is thoroughly investigated and brought to the customer’s attention.",106,Relevant,SDG_9: Industry & Innovation,Economic,Informative,Qualitative,High Potential Greenwashing,Non-Climate,GRI 2,General Aspect (GRI 2),Non-Climate Action
Iron2023.pdf,62,7,"We work closely with our customers, including those represented in our Customer Advisory Board and Executive Exchange Program, to anticipate and meet future needs in the market. In 2023, we hosted and contributed to a number of in-person and digital forums where experts discussed emerging data privacy developments and shared best practices regarding risks of managing physical and digital information, as well as the positive impact mature privacy and data governance programs have on sustainability commitments. Iron Mountain is an active member of the International Association of Privacy Professionals (IAPP), the Center for Information Policy Leadership (CIPL), and the Information Technology Industry Council (ITI), which promote public policies and industry standards that advance competition and innovation worldwide.",106,Relevant,SDG_16: Peace,Social,Informative,Qualitative,High Potential Greenwashing,Non-Climate,GRI 2,General Aspect (GRI 2),Non-Climate Action
Iron2023.pdf,64,1,"During 2023, all Iron Mountain activities and operations supported the following United Nations Sustainable Development Goals (SDGs). As a signatory to the United Nations Global Compact, Iron Mountain is committed to pursuing their policies, strategies, and procedures, as well as to creating a culture of integrity that supports all 10 principles of the United Nations Global Compact, as well as the SDGs.",53,Relevant,SDG_8: Economic Growth,General,Informative,Qualitative,High Potential Greenwashing,Non-Climate,GRI 2,General Aspect (GRI 2),Non-Climate Action
Iron2023.pdf,66,1,"DNV Business Assurance USA, Inc. (DNV) has been commissioned by the management of Iron Mountain, Incorporated (Iron Mountain) to carry out an independent limited level assurance engagement of Selected Information for calendar year 2023 as presented in the company’s Sustainability Report (the “Report”). The assurance was carried out February through April 2024.",41,Relevant,SDG_16: Peace,General,Informative,Qualitative,High Potential Greenwashing,Non-Climate,GRI 2,General Aspect (GRI 2),Non-Climate Action
Iron2023.pdf,66,2,"Our Conclusion: Based on the procedures we have performed and the evidence we have obtained, nothing has come to our attention that causes us to believe that the Selected Information is not fairly stated and has not been prepared, in all material respects, in accordance with the criteria stated. This conclusion relates only to the Selected Information and is to be read in the context of this Assurance Report, in particular, the inherent limitations explained below.",68,Relevant,SDG_16: Peace,Economic,Informative,Qualitative,High Potential Greenwashing,Non-Climate,GRI 2,General Aspect (GRI 2),Non-Climate Action
Iron2023.pdf,66,3,"Data verified for the period January 1, 2023‐December 31, 2023: • Greenhouse Gas Emissions Scope 1 and 2 • Greenhouse Gas Emissions Scope 3 • Other GHG Emissions (Halon‐1301) • Energy Consumption • Water Consumption • Waste Generated • Green Power1 (Renewable Energy Credits and Renewable Energy Consumption) • Workforce Data o Percent of Female Employees (Global) o Ethnic Composition (US only) o Special Populations, Veterans & Disability (US only) o New Employee Hires o Employee Turnover and Turnover Rate o Total Recordable Incident Rate (TRIR) per 200,000 hours o Lost Time Incident Rate (LTIR) per 200,000 hours o Total Volunteer Hours (Global) o Total Charitable Contributions o Total Training Hours o Hours of Training per Employee We do not express any conclusions on any other information that may be published on Iron Mountain’s website or Sustainability Report for the current reporting period or for previous periods.",114,Relevant,SDG_8: Economic Growth,Environmental,Informative,Quantitative,Low Potential Greenwashing,Climate,GRI 305,Environmental Aspect (GRI 305),Climate Action (SDG13)
Iron2023.pdf,66,4,"DNV’s established policies and procedures are designed to ensure that DNV, its personnel and, where applicable, others are subject to independence requirements (including personnel of other entities of DNV and maintain independence where required by relevant ethical requirements. This engagement work was carried out by an independent team of sustainability assurance professionals. DNV was not involved in the preparation of any part of Iron Mountain’s data or report. This is our fourth year of providing assurance for Iron Mountain. We adopt a balanced approach towards all stakeholders when performing our evaluation.",80,Relevant,SDG_12: Responsible Consumption,General,Informative,Qualitative,High Potential Greenwashing,Non-Climate,GRI 2,General Aspect (GRI 2),Non-Climate Action
Iron2023.pdf,67,1,"We performed a limited level assurance engagement in accordance with the International Standard on Assurance Engagements (ISAE) 3000 revised – ‘Assurance Engagements other than Audits and Reviews of Historical Financial Information’ (revised), issued by the International Auditing and Assurance Standards Board. This standard requires that we comply with ethical requirements and plan and perform the assurance engagement to obtain limited assurance.",53,Relevant,SDG_16: Peace,General,Informative,Qualitative,High Potential Greenwashing,Non-Climate,GRI 2,General Aspect (GRI 2),Non-Climate Action
Iron2023.pdf,67,2,"DNV applies its own management standards and compliance policies for quality control, which are based on the principles enclosed with the ISO IEC 17029:2019 ‐ Conformity Assessment – General principles and requirements for validation and verification bodies, and accordingly maintains a comprehensive system of quality control including documented policies and procedures regarding compliance with ethical requirements, professional standards and applicable legal and regulatory requirements.",57,Relevant,SDG_16: Peace,Social,Informative,Qualitative,High Potential Greenwashing,Non-Climate,GRI 2,General Aspect (GRI 2),Non-Climate Action
Iron2023.pdf,67,3,"The GHG emissions inventories have been evaluated against the following reporting criteria: • World Business Council for Sustainable Development (WBCSD) / World Resources institute (WRI) Greenhouse Gas Protocol, Corporate Accounting Standard REVISED EDITION • WBCSD/WRI Corporate Value Chain (Scope 3) Accounting and Reporting Standard (Scope 3)",34,Relevant,SDG_13: Climate Action,Environmental,Informative,Qualitative,High Potential Greenwashing,Climate,GRI 305,Environmental Aspect (GRI 305),Climate Action (SDG13)
Iron2023.pdf,67,4,"In addition, Iron Mountain also tracks halon‐1301 (CBrF3) , a greenhouse gas covered by the Montreal Protocol, which the GHG Protocol recommends be reported outside the scope of a company’s corporate inventory.",25,Irrelevant,N/A,N/A,N/A,N/A,N/A,N/A,N/A,N/A,N/A
Iron2023.pdf,67,5,"DNV used a risk‐based approach throughout the assurance engagement, concentrating on the areas that we believe are most material for both Iron Mountain and its stakeholders. DNV applied a materiality threshold of five percent for the GHG emissions (Scope 1 and 2) and Energy. The boundary of our work includes global operations for all Selected Information in scope except for Ethnic Composition of Employees and Special Populations which includes US operations only.",64,Relevant,SDG_12: Responsible Consumption,Environmental,Informative,Qualitative,High Potential Greenwashing,Climate,GRI 2,General Aspect (GRI 2),Non-Climate Action
Iron2023.pdf,67,6,"We understand that financial data, including financial data that feeds into the calculation of Selected Performance Indicators are subject to a separate independent audit process. DNV has relied on this information as accurate for the purposes of our scope of work. This includes but is not limited to any statements relating to sales, revenue, salaries, charitable contribution.",50,Relevant,SDG_16: Peace,Economic,Informative,Qualitative,High Potential Greenwashing,Non-Climate,GRI 2,Economical Aspect (GRI 201),Climate Action (SDG13)
Iron2023.pdf,67,7,"Iron Mountain has sole responsibility for: • Preparing and presenting the Selected Information in accordance with the criteria • Designing, implementing, and maintaining effective internal controls over the information and data, resulting in the preparation of the Selected Information that is free from material misstatements • Measuring and reporting the Selected Information • Contents and statements contained within the websites In performing our assurance work, our responsibility is to the management of Iron Mountain; however, our assurance report represents our independent opinion and is intended to inform all stakeholders. DNV was not involved in the preparation of any statements or data included in the Report or website except for this Assurance Statement.",99,Relevant,SDG_16: Peace,General,Informative,Qualitative,High Potential Greenwashing,Non-Climate,GRI 2,General Aspect (GRI 2),Non-Climate Action
Iron2023.pdf,67,8,"Greenhouse Gas Emissions 2023 Scope 1 Emissions 113,532 MtCO2e 2023 Scope 2 Emissions (Location‐Based) 210,216 MtCO2e 2023 Scope 2 Emissions (Market‐Based) 65,302 MtCO2e 2023 Scope 3 Emissions (Location‐Based, unless noted otherwise) o Category 1 – Purchased goods and services 239,495 MtCO2e o Category 2 – Capital goods 363,717 MtCO2e o Category 3 – Fuel‐ and energy‐related activities 99,321 MtCO2e o Category 5 – Waste generated in operations 6,814 MtCO2e o Category 6 – Business travel 36,116 MtCO2e. ",37,Irrelevant,N/A,N/A,N/A,N/A,N/A,N/A,N/A,N/A,N/A
Iron2023.pdf,67,9,"We are providing a ‘limited level’ of assurance. We planned and performed our work to obtain the evidence we considered necessary to provide a basis for our assurance conclusion, so that the risk of this conclusion being in error is reduced but not reduced to very low. A ‘reasonable level’ of assurance would have required additional work at headquarters and site levels to gain further evidence to support the basis of our assurance conclusion. DNV’s assurance engagements are based on the assumption that the data and information provided by the client to us as part of our review have been provided in good faith. DNV expressly disclaims any liability or co‐ responsibility for any decision a person or an entity may make based on this Independent Assurance Statement.",116,Relevant,SDG_16: Peace,Economic,Informative,Qualitative,High Potential Greenwashing,Non-Climate,GRI 2,General Aspect (GRI 2),Non-Climate Action
Iron2023.pdf,68,1,"DNV’s established policies and procedures are designed to ensure that DNV, its personnel and, where applicable, others are subject to independence requirements (including personnel of other entities of DNV) and maintain independence where required by relevant ethical requirements. This engagement work was carried out by an independent team of sustainability assurance professionals.",44,Relevant,SDG_12: Responsible Consumption,General,Informative,Qualitative,High Potential Greenwashing,Non-Climate,GRI 2,General Aspect (GRI 2),Non-Climate Action
Iron2023.pdf,68,2,"Greenhouse Gas Emissions Continued o Category 7 – Employee commuting 37,375 MtCO2e o Category 8 ‐ Upstream leased assets 113 MtCO2e (Location‐Based); 0 MtCO2e (Market‐Based) o Category 9 – Downstream transportation and distribution 35,648 MtCO2e o Category 13 ‐ Downstream leased assets 267,170 MtCO2e (Location‐Based); 0 MtCO2e (Market‐Based)  Other GHG Emissions (Halon‐1301) 10,662 MtCO2e. ",27,Irrelevant,N/A,N/A,N/A,N/A,N/A,N/A,N/A,N/A,N/A
Iron2023.pdf,68,3,"Workforce Data 2023 Female Employees (Percent) 39.1% 2023 Ethnic Composition ‐ US only (Percent) o American Indian or Alaska Native 0.3% o Asian 5.7% o Black or African American 24.7% o Hispanic or Latino 20.1% o Native Hawaiian or Other Pacific Islander 0.6% o Two or More Races 2.0% o White 44.3% o Decline to state/not specified 2.3%  2023 Special Populations – US only (Percent) o Veteran 4.8% o Disability 4.5% 2023 New Employee Hires 8,877 2023 Total Employee Turnover and Turnover Rate 7,454 | 28.6% 2023 Total Recordable Incident Rate 0.8 2023 Lost Time Incident Rate 0.5 2023 Total Volunteer Hours 36,612 2023 Total Charitable Contributions $ 534,999 2023 Total Training Hours 37,767 2023 Hours of Training per Employee 1.45 2: Both Scope 2 and Scope 3 3: Water consumption includes facilities for which actual invoices are available. This covers 42% of sites. 4. Total waste generated includes estimated data (for 29% of total square footage) and actual invoices (for 71% of total square footage)",113,Relevant,SDG_8: Economic Growth,Social,Informative,Quantitative,Low Potential Greenwashing,Non-Climate,GRI 2,General Aspect (GRI 2),Non-Climate Action
Iron2023.pdf,68,4,"All assurance engagements are subject to inherent limitations as selective testing (sampling) may not detect errors, fraud or other irregularities. Non‐ financial data may be subject to greater inherent uncertainty than financial data, given the nature and methods used for calculating, estimating and determining such data. The selection of different, but acceptable, measurement techniques may result in different quantifications between different entities.",52,Relevant,SDG_12: Responsible Consumption,Economic,Informative,Qualitative,High Potential Greenwashing,Climate,GRI 2,General Aspect (GRI 2),Climate Action (SDG13)
Iron2023.pdf,68,5,DNV’s assurance engagements are based on the assumption that the data and information provided by the client to us as part of our review have been provided in good faith. DNV expressly disclaims any liability or co‐responsibility for any decision a person or an entity may make based on this Independent Assurance Statement.,49,Relevant,SDG_16: Peace,Economic,Informative,Qualitative,High Potential Greenwashing,Non-Climate,GRI 2,General Aspect (GRI 2),Non-Climate Action
Iron2023.pdf,69,1,"We are required to plan and perform our work in order to consider the risk of material misstatement of the Selected Information; our work included, but was not restricted to: • Conducting interviews with Iron Mountain’s management to obtain an understanding of the key processes, systems and controls in place to generate, aggregate and report the Selected Information; • Performing limited substantive testing on a selective basis of the Selected Information to check that data had been appropriately measured, recorded, collated and reported; • Reviewing that the evidence, measurements and the scope provided to us by Iron Mountain is prepared in line with the agreed upon procedures and criteria; • Reading the Report and narrative accompanying the Selected Information within it with regard to the criteria; • Reviewing global employee rosters at year‐end at individual contributor, supervisor/manager, director, and executive leadership levels to determine percent breakdown by gender, ethnic composition, and special populations; • Reviewing recordable incidents, lost time incident, number of employees, hours worked, employee categories (TRIR and LTIR); • Replicating the TRIR and LTIR following the reporting criteria below: • OSHA Recording and Reporting Occupational Injuries and Illness • Reviewing sample of recordable incidents and lost time incidents; • Reviewing training stats from the LinkedIn learning platform; charitable contributions budget allocation and total volunteer hours. The following methods were applied during the verification of Iron Mountain’s environmental footprint inventories and management processes: • Review of documentation, data records and sources relating to the corporate environmental data claims and GHG emission assertions; • Review of the processes and tools used to collect, aggregate and report on all environmental data and metrics; • Assessment of environmental information systems and controls, including: • Selection and management of all relevant environmental data and information; • Processes for collecting, processing, consolidating, and reporting the relevant environmental data and information; • Design and maintenance of the environmental information system; • Systems and processes that support the environmental information system. • Performed sample‐based audits of the processes for generating, gathering and managing the quantitative and qualitative environmental data; • Examination of all relevant environmental data and information to develop evidence for the assessment of the environmental claims and assertions made; • Confirmation of whether the organization conforms to the verification criteria. ",306,Relevant,SDG_8: Economic Growth,Social,Informative,Qualitative,High Potential Greenwashing,Non-Climate,GRI 2,General Aspect (GRI 2),Non-Climate Action
Iron2023.pdf,70,1,"This Statement is for the sole use and benefit of the party contracting with DNV Business Assurance USA, Inc. to produce this Statement (the “Client”). Any use of or reliance on this document by any party other than the Client shall be at the sole risk of such party. In no event will DNV or any of its parent or affiliate companies, or their respective directors, officers, shareholders, employees or subcontractors, be liable to any other party regarding any statements, findings, conclusions or other content in this Statement, or for any use of, reliance on, accuracy, or adequacy of this Statement.",84,Relevant,SDG_16: Peace,Economic,Informative,Qualitative,High Potential Greenwashing,Non-Climate,GRI 2,General Aspect (GRI 2),Non-Climate Action
Iron2023.pdf,70,2,"In addition to the above, specific to the environmental indicators, the following steps were conducted for the Water and Waste: • Water: o Review of the water consumption methodology; o Conduct data checks for the water data collected, transferred and calculated; o Perform sample‐based assessment of data reported against the source data water consumed; o Evaluate whether assumptions and methodology used in cases of data estimation for whole year data are valid. • Waste o Review of the waste segregation methodology and description of waste categorization; o Conduct data checks for the waste data collected, transferred and calculated;",83,Relevant,SDG_6: Clean Water & Sanitation,Environmental,Informative,Qualitative,High Potential Greenwashing,Climate,GRI 303,Environmental Aspect (GRI 305),Climate Action (SDG13)
Iron2023.pdf,71,1,The table below has been prepared by Iron Mountain. It is intended to provide readers with a summary of the methodologies used by Iron Mountain to prepare the metrics that are not aligned in the GRI standards:,35,Irrelevant,N/A,N/A,N/A,N/A,N/A,N/A,N/A,N/A,N/A
Iron2023.pdf,71,2,Methodology Definition Selected Information 2023 number of hours viewed obtained from LinkedIn Learning Dashboard and the number of hours from the Women in Leadership program.,23,Relevant,SDG_5: Gender Equlaity,Social,Informative,Quantitative,High Potential Greenwashing,Non-Climate,GRI 2,General Aspect (GRI 2),Non-Climate Action
Iron2023.pdf,71,3,Total hours viewed using the LinkedIn Learning Platform by licensed employees (coordinator levels & above) and the training and development hours that are part of our Women in Leadership program over the period from January 1st to December 31st in 2023.,35,Relevant,SDG_5: Gender Equlaity,Social,Informative,Quantitative,Low Potential Greenwashing,Non-Climate,GRI 2,General Aspect (GRI 2),Non-Climate Action
Iron2023.pdf,71,4,2023 Total Training Hours 2023 total number of training and development hours / Total IRM Population The amount of hours an Iron Mountain employee spent on training and development materials provided on the LinkedIn Learning Platform or in the Women in Leadership program over the period from January 1st to December 31st in 2023.,48,Relevant,SDG_5: Gender Equlaity,Social,Informative,Quantitative,Low Potential Greenwashing,Non-Climate,GRI 2,General Aspect (GRI 2),Non-Climate Action
Iron2023.pdf,71,5,2023 Total Charitable Contributions 2023 total number of volunteer hours obtained from both the Moving Mountains portal and the HR timekeep practices (Community Service Time ‐ CST or Volunteering Time). Duplicated hours from CST and MM portal were detected and subtracted from the total volunteer hours.,40,Relevant,SDG_11: Sustainable Cities,Social,Informative,Quantitative,Low Potential Greenwashing,Non-Climate,GRI 2,General Aspect (GRI 2),Non-Climate Action
Iron2023.pdf,71,6,"Total hours volunteered by all Iron Mountain full time and part time employees in 2023. Iron Mountain gives all full time employees 16 hours and part time employees 8 hours of annual paid time off to volunteer. This is called ""Community Service Time “ (CST) in North America, APAC, and LATAM, and ""Volunteering Time"" in EMEA. Employees are also encouraged to track volunteer hours for eligible volunteer activities that are performed outside of work hours.",61,Relevant,SDG_8: Economic Growth,Social,Informative,Quantitative,High Potential Greenwashing,Non-Climate,GRI 2,General Aspect (GRI 2),Non-Climate Action
Iron2023.pdf,71,7,"Total waste generated in 2023, covering all global activities Iron Mountain conducted in the period of Jan 01st, 2023 to Dec 31st, 2023. Waste includes landfill, recycling, recovery, and reuse. Reuse data only covers USA and Canada.",27,Relevant,SDG_12: Responsible Consumption,Environmental,Informative,Quantitative,Low Potential Greenwashing,Climate,GRI 306,Environmental Aspect (GRI 305),Climate Action (SDG13)
Iron2023.pdf,71,8,"The 2023 Total Water Consumption is the sum of sites with actual water usage from their invoices, with no estimation included. These sites' square footage represents 42% of the total square footage of all sites, including those that have no invoices.",34,Relevant,SDG_6: Clean Water & Sanitation,Environmental,Informative,Quantitative,Low Potential Greenwashing,Climate,GRI 303,Environmental Aspect (GRI 305),Climate Action (SDG13)
Iron2023.pdf,71,9,"The 2023 Total Water Consumption is the sum of sites with actual water usage from their invoices, with no estimation included. These sites' square footage represents 42% of the total square footage of all sites, including those that have no invoices 2023 Total Water Consumption. ",37,Relevant,SDG_6: Clean Water & Sanitation,Environmental,Informative,Quantitative,Low Potential Greenwashing,Climate,GRI 303,Environmental Aspect (GRI 305),Climate Action (SDG13)
Iron2023.pdf,72,1,Total recordable incident rate = Total recordable incident * one million / total estimated number of employee hours worked or 'manhours' in FY 2023. ‐ Rates per one million hours.,23,Relevant,SDG_8: Economic Growth,Economic,Informative,Quantitative,Low Potential Greenwashing,Climate,GRI 2,General Aspect (GRI 2),Climate Action (SDG13)
Iron2023.pdf,72,2,Total recordable incident is 2023 numbers of Total number of Recordable Incident obtained from a report of all global events. Recordable incidents are defined as work‐related injuries and illnesses.,25,Relevant,SDG_8: Economic Growth,Economic,Informative,Quantitative,Low Potential Greenwashing,Non-Climate,GRI 2,General Aspect (GRI 2),Climate Action (SDG13)
Iron2023.pdf,72,3,Total lost time incident rate = Total lost time incident * one million / total estimated number of employee hours worked or 'manhours' in FY 2023 ‐ Rates per one million hours.,25,Relevant,SDG_8: Economic Growth,Economic,Informative,Quantitative,Low Potential Greenwashing,Non-Climate,GRI 2,General Aspect (GRI 2),Climate Action (SDG13)
Iron2023.pdf,72,4,Total lost time incident is 2023 numbers of Total number of Recordable Incident obtained from a report of all global events. A lost time incident (LTI) is an injury sustained on the job that results in the loss of productive work time.,38,Relevant,SDG_8: Economic Growth,Economic,Informative,Quantitative,Low Potential Greenwashing,Non-Climate,GRI 2,General Aspect (GRI 2),Climate Action (SDG13)
Iron2023.pdf,74,1,"References to information in this report should not be construed as a characterization regarding the materiality of such information to our financial results or our operations. While certain matters discussed in this report may be significant, any significance should not be read as necessarily rising to the level of materiality used for the purposes of complying with applicable securities laws and regulations. The information in this report may contain projections, future estimates, plans, expectations, goals, and other forward-looking statements. Forward-looking statements are based on current expectations and assumptions that are subject to certain risks and uncertainties, which could cause our actual results to differ materially from those reflected in the forward-looking statements. Any changes in methodology may result in material changes to our calculations and may result in the current and previous periods, including our base year, to be adjusted. Except as required by law, we undertake no obligation to correct, revise, or update any information included in this report.",139,Relevant,SDG_8: Economic Growth,Economic,Informative,Qualitative,High Potential Greenwashing,Non-Climate,GRI 2,General Aspect (GRI 2),Climate Action (SDG13)
Iron2023.pdf,75,1,75 ©2024 Iron Mountain Incorporated. All rights reserved. Iron Mountain and the design of the mountain are registered trademarks of Iron Mountain Incorporated in the U.S. and other countries. All other trademarks and registered trademarks are the property of their respective owners.,35,Irrelevant,N/A,N/A,N/A,N/A,N/A,N/A,N/A,N/A,N/A
